,mean_fit_time,std_fit_time,mean_score_time,std_score_time,param_NN__alpha,param_NN__hidden_layer_sizes,param_km__n_clusters,params,split0_test_score,split1_test_score,split2_test_score,split3_test_score,split4_test_score,mean_test_score,std_test_score,rank_test_score,split0_train_score,split1_train_score,split2_train_score,split3_train_score,split4_train_score,mean_train_score,std_train_score
0,0.7535612106323242,0.029890860306609156,0.003796100616455078,0.00039865095050683634,0.1,"(50, 50)",2,"{'NN__alpha': 0.1, 'NN__hidden_layer_sizes': (50, 50), 'km__n_clusters': 2}",0.0,0.0,0.0,0.0,0.0,0.0,0.0,50,0.0,0.0,0.0,0.0,0.0,0.0,0.0
1,0.9275026798248291,0.10418334563921249,0.007996702194213867,0.0060638484714228835,0.1,"(50, 50)",3,"{'NN__alpha': 0.1, 'NN__hidden_layer_sizes': (50, 50), 'km__n_clusters': 3}",0.0,0.0,0.0,0.0,0.0,0.0,0.0,50,0.0,0.0,0.0,0.0,0.0,0.0,0.0
2,1.0982502937316894,0.09224642156393797,0.006796884536743164,0.0033692253533678857,0.1,"(50, 50)",4,"{'NN__alpha': 0.1, 'NN__hidden_layer_sizes': (50, 50), 'km__n_clusters': 4}",0.0,0.0,0.0,0.0,0.0,0.0,0.0,50,0.0,0.0028129395218002566,0.0,0.0,0.0,0.0005625879043600513,0.0011251758087201026
3,1.114842987060547,0.19679572507252535,0.004798460006713867,0.0014694904890355319,0.1,"(50, 50)",5,"{'NN__alpha': 0.1, 'NN__hidden_layer_sizes': (50, 50), 'km__n_clusters': 5}",0.0,0.0,0.0,0.0,0.0,0.0,0.0,50,0.0,0.0,0.0,0.0,0.0,0.0,0.0
4,0.8667232036590576,0.07095086327650711,0.004398775100708008,0.0007982499906155258,0.1,"(50, 50)",6,"{'NN__alpha': 0.1, 'NN__hidden_layer_sizes': (50, 50), 'km__n_clusters': 6}",0.0,0.0,0.0,0.0,0.0,0.0,0.0,50,0.0,0.0,0.0,0.0,0.0,0.0,0.0
5,0.8709218978881836,0.039150466457436264,0.003398752212524414,0.0004903891863625048,0.1,"(50, 50)",7,"{'NN__alpha': 0.1, 'NN__hidden_layer_sizes': (50, 50), 'km__n_clusters': 7}",0.0,0.0,0.0,0.0,0.0,0.0,0.0,50,0.0,0.0,0.0,0.0,0.0,0.0,0.0
6,0.9600937366485596,0.0871230254255598,0.003798389434814453,0.000748048185381873,0.1,"(50, 50)",8,"{'NN__alpha': 0.1, 'NN__hidden_layer_sizes': (50, 50), 'km__n_clusters': 8}",0.0,0.0,0.0,0.0,0.0,0.0,0.0,50,0.0,0.0,0.0,0.0,0.0,0.0,0.0
7,1.097249698638916,0.0759562420612345,0.005797910690307617,0.0019383415606916475,0.1,"(50, 50)",9,"{'NN__alpha': 0.1, 'NN__hidden_layer_sizes': (50, 50), 'km__n_clusters': 9}",0.0,0.0,0.0,0.0,0.0,0.0,0.0,50,0.0,0.0,0.0,0.0,0.0,0.0,0.0
8,1.1574312686920165,0.12079553722212191,0.004398059844970703,0.0004893410485779848,0.1,"(50, 50)",10,"{'NN__alpha': 0.1, 'NN__hidden_layer_sizes': (50, 50), 'km__n_clusters': 10}",0.0,0.0,0.0,0.0,0.0,0.0,0.0,50,0.0,0.0,0.0,0.0,0.0,0.0,0.0
9,1.5447065830230713,0.09476581477894665,0.006597900390625,0.0018520289825123622,0.1,"(50, 50)",15,"{'NN__alpha': 0.1, 'NN__hidden_layer_sizes': (50, 50), 'km__n_clusters': 15}",0.0,0.0,0.043799133643510374,0.0,0.022185652465411012,0.01319296933569571,0.017551482569674173,13,0.01116381778032229,0.0,0.005582326548227321,0.01939318665720353,0.011148240747941806,0.00945751434673899,0.006464507243783113
10,1.8640076160430907,0.07275691197786038,0.011991214752197266,0.00684024346816467,0.1,"(50, 50)",20,"{'NN__alpha': 0.1, 'NN__hidden_layer_sizes': (50, 50), 'km__n_clusters': 20}",0.0,0.0,0.0,0.0,0.0,0.0,0.0,50,0.0,0.0,0.0,0.0,0.0,0.0,0.0
11,1.9641716003417968,0.1166047717441902,0.0073985099792480465,0.0018543366160748657,0.1,"(50, 50)",25,"{'NN__alpha': 0.1, 'NN__hidden_layer_sizes': (50, 50), 'km__n_clusters': 25}",0.0,0.0,0.0,0.0,0.0,0.0,0.0,50,0.0,0.0,0.0,0.0,0.0,0.0,0.0
12,2.2018966674804688,0.11351589605806073,0.006197786331176758,0.0007477294500890304,0.1,"(50, 50)",30,"{'NN__alpha': 0.1, 'NN__hidden_layer_sizes': (50, 50), 'km__n_clusters': 30}",0.0,0.0,0.0,0.0,0.0,0.0,0.0,50,0.0,0.0,0.0,0.0,0.0,0.0,0.0
13,2.488802766799927,0.07322482274456606,0.006798076629638672,0.00039997359485544813,0.1,"(50, 50)",35,"{'NN__alpha': 0.1, 'NN__hidden_layer_sizes': (50, 50), 'km__n_clusters': 35}",0.0,0.0,0.0,0.0,0.0,0.0,0.0,50,0.0,0.0,0.0,0.0,0.0,0.0,0.0
14,2.6895394325256348,0.32155788691924275,0.00879683494567871,0.005267638044325827,0.1,"(50, 50)",40,"{'NN__alpha': 0.1, 'NN__hidden_layer_sizes': (50, 50), 'km__n_clusters': 40}",0.0,0.0,0.0,0.0,0.0,0.0,0.0,50,0.0,0.0,0.0,0.0,0.0,0.0,0.0
15,0.3172980785369873,0.037140537126912274,0.0027984619140625,0.0003991935789319118,0.1,"(50,)",2,"{'NN__alpha': 0.1, 'NN__hidden_layer_sizes': (50,), 'km__n_clusters': 2}",0.011173184357541853,0.4251520657239905,0.0,0.0,0.0,0.08730872270236407,0.1690240093743158,6,0.013986013986014055,0.4034298207010109,0.0,0.0,0.0,0.083483166937405,0.16006500742421728
16,0.34488987922668457,0.027222522771536858,0.002995586395263672,0.0006326468439600875,0.1,"(50,)",3,"{'NN__alpha': 0.1, 'NN__hidden_layer_sizes': (50,), 'km__n_clusters': 3}",0.0,0.011173184357541907,0.0,0.0,0.0,0.002235628280945608,0.004470017128309013,45,0.0,0.0167597765363127,0.0,0.0,0.0,0.00335195530726254,0.00670391061452508
17,0.39007568359375,0.016983352009432944,0.0025981903076171876,0.0004895143612501306,0.1,"(50,)",4,"{'NN__alpha': 0.1, 'NN__hidden_layer_sizes': (50,), 'km__n_clusters': 4}",0.0,0.0,0.0,0.0,0.0,0.0,0.0,50,0.0,0.0,0.0,0.0,0.0,0.0,0.0
18,0.4636514663696289,0.029153157424984137,0.0025982379913330076,0.0004902338311369984,0.1,"(50,)",5,"{'NN__alpha': 0.1, 'NN__hidden_layer_sizes': (50,), 'km__n_clusters': 5}",0.0,0.0,0.0,0.0,0.0,0.0,0.0,50,0.0,0.0,0.0,0.0,0.0,0.0,0.0
19,0.5512231826782227,0.03711853046032989,0.0025999069213867186,0.000490429541637431,0.1,"(50,)",6,"{'NN__alpha': 0.1, 'NN__hidden_layer_sizes': (50,), 'km__n_clusters': 6}",0.03200062288317035,0.0,0.43411131059245944,0.0,0.011154694778131847,0.0955049224802802,0.16975350316168314,2,0.042998897464167775,0.01936787959563111,0.39203356959437463,0.02734451714911497,0.011148240747941806,0.09857862091024605,0.14710378854341893
20,0.5876127243041992,0.030138426347359044,0.002799797058105469,0.0007458651771458145,0.1,"(50,)",7,"{'NN__alpha': 0.1, 'NN__hidden_layer_sizes': (50,), 'km__n_clusters': 7}",0.0,0.0,0.0,0.0,0.0,0.0,0.0,50,0.002810369543006131,0.0056128566770141984,0.0,0.011178640920678093,0.0,0.003920373428139684,0.004183723480300762
21,0.640197467803955,0.04016045697614044,0.002798128128051758,0.00039961484200746474,0.1,"(50,)",8,"{'NN__alpha': 0.1, 'NN__hidden_layer_sizes': (50,), 'km__n_clusters': 8}",0.0,0.0,0.0540669003624265,0.0,0.03297698858488843,0.017401870863644253,0.02234257362387557,9,0.013922711103744666,0.0,0.03228251880439463,0.0,0.021896539850875977,0.013620353951803055,0.01255301679608087
22,0.7951448440551758,0.0301617477365358,0.002999687194824219,0.0006317344945209701,0.1,"(50,)",9,"{'NN__alpha': 0.1, 'NN__hidden_layer_sizes': (50,), 'km__n_clusters': 9}",0.0,0.0,0.0,0.0,0.0,0.0,0.0,50,0.0,0.0,0.0,0.0,0.0,0.0,0.0
23,0.8879162311553955,0.022822440842898282,0.0035993576049804686,0.0008008257606439579,0.1,"(50,)",10,"{'NN__alpha': 0.1, 'NN__hidden_layer_sizes': (50,), 'km__n_clusters': 10}",0.0,0.0,0.0,0.0,0.0,0.0,0.0,50,0.0,0.0,0.0,0.0028089887640449208,0.0,0.0005617977528089842,0.0011235955056179683
24,1.133638334274292,0.08850620169599052,0.009797620773315429,0.006332473904151151,0.1,"(50,)",15,"{'NN__alpha': 0.1, 'NN__hidden_layer_sizes': (50,), 'km__n_clusters': 15}",0.0,0.0,0.0,0.0,0.0,0.0,0.0,50,0.0,0.0,0.0,0.0,0.0,0.0,0.0
25,1.4347383022308349,0.12798146067400953,0.011397838592529297,0.004670839131730213,0.1,"(50,)",20,"{'NN__alpha': 0.1, 'NN__hidden_layer_sizes': (50,), 'km__n_clusters': 20}",0.0,0.0,0.0,0.0,0.0,0.0,0.0,50,0.0,0.0,0.0,0.0,0.0,0.0,0.0
26,1.7778326988220214,0.058786154075859146,0.012195348739624023,0.0054909001820478845,0.1,"(50,)",25,"{'NN__alpha': 0.1, 'NN__hidden_layer_sizes': (50,), 'km__n_clusters': 25}",0.0,0.0,0.0,0.0,0.0,0.0,0.0,50,0.0,0.0,0.0,0.0,0.0,0.0,0.0
27,2.170707035064697,0.13112983022479746,0.0059967517852783205,0.001096759996699795,0.1,"(50,)",30,"{'NN__alpha': 0.1, 'NN__hidden_layer_sizes': (50,), 'km__n_clusters': 30}",0.0,0.0,0.0,0.0,0.0,0.0,0.0,50,0.0,0.0,0.0,0.0,0.0,0.0,0.0
28,2.2782716274261476,0.12411613812880774,0.006197357177734375,0.0007472077767000561,0.1,"(50,)",35,"{'NN__alpha': 0.1, 'NN__hidden_layer_sizes': (50,), 'km__n_clusters': 35}",0.0,0.0,0.0,0.0,0.0,0.0,0.0,50,0.0,0.0,0.0,0.0,0.0,0.0,0.0
29,2.401231813430786,0.13492423042340154,0.010196733474731445,0.002481114722963344,0.1,"(50,)",40,"{'NN__alpha': 0.1, 'NN__hidden_layer_sizes': (50,), 'km__n_clusters': 40}",0.0,0.0,0.0,0.0,0.0,0.0,0.0,50,0.0,0.0,0.0,0.0,0.0,0.0,0.0
30,0.29030570983886717,0.02454242291859994,0.003198862075805664,0.0004003061717124993,0.1,"(25,)",2,"{'NN__alpha': 0.1, 'NN__hidden_layer_sizes': (25,), 'km__n_clusters': 2}",0.0,0.0,0.0,0.0,0.0,0.0,0.0,50,0.0,0.0,0.0,0.0,0.0,0.0,0.0
31,0.2585170745849609,0.014356606277284509,0.002000284194946289,9.464947338714222e-07,0.1,"(25,)",3,"{'NN__alpha': 0.1, 'NN__hidden_layer_sizes': (25,), 'km__n_clusters': 3}",0.0,0.0,0.0,0.0,0.0,0.0,0.0,50,0.0,0.0,0.0,0.0,0.0,0.0,0.0
32,0.347489595413208,0.017425331575872397,0.002800321578979492,0.000748039127440575,0.1,"(25,)",4,"{'NN__alpha': 0.1, 'NN__hidden_layer_sizes': (25,), 'km__n_clusters': 4}",0.0,0.0,0.0,0.0,0.0,0.0,0.0,50,0.0,0.005617977528089839,0.0,0.0,0.0,0.0011235955056179679,0.0022471910112359357
33,0.4150710105895996,0.0282420659234757,0.0027966022491455076,0.0003981461323003458,0.1,"(25,)",5,"{'NN__alpha': 0.1, 'NN__hidden_layer_sizes': (25,), 'km__n_clusters': 5}",0.0,0.0,0.0,0.0,0.0,0.0,0.0,50,0.0,0.0,0.0,0.0,0.0,0.0,0.0
34,0.5796159267425537,0.05938274858283336,0.0029979705810546874,1.689915194193778e-06,0.1,"(25,)",6,"{'NN__alpha': 0.1, 'NN__hidden_layer_sizes': (25,), 'km__n_clusters': 6}",0.0,0.649217276713699,0.0,0.04281849194212428,0.0,0.13844956218803647,0.25599172995542524,1,0.002810369543006131,0.6426259565015983,0.0,0.03754276678561805,0.0,0.1365958185660445,0.2534140442974078
35,0.5850141525268555,0.05518383087327066,0.002799844741821289,0.0003995230034399664,0.1,"(25,)",7,"{'NN__alpha': 0.1, 'NN__hidden_layer_sizes': (25,), 'km__n_clusters': 7}",0.0,0.0,0.0,0.0,0.0,0.0,0.0,50,0.0,0.0,0.0,0.0,0.0,0.0,0.0
36,0.6305984497070313,0.060186133071859826,0.0029992103576660157,0.0006322590396390218,0.1,"(25,)",8,"{'NN__alpha': 0.1, 'NN__hidden_layer_sizes': (25,), 'km__n_clusters': 8}",0.0,0.0,0.053876971048528774,0.0,0.0,0.010780174775016183,0.02155437301504574,17,0.002812939521800295,0.0,0.016417204268773373,0.0,0.0,0.0038460287581147334,0.006379303076586171
37,0.761957836151123,0.045769268205011926,0.003398609161376953,0.0004890464629791426,0.1,"(25,)",9,"{'NN__alpha': 0.1, 'NN__hidden_layer_sizes': (25,), 'km__n_clusters': 9}",0.0,0.0,0.0,0.0,0.0,0.0,0.0,50,0.0,0.0,0.0,0.0,0.0,0.0,0.0
38,0.7503609180450439,0.01780139685344359,0.002996397018432617,0.000633169444616937,0.1,"(25,)",10,"{'NN__alpha': 0.1, 'NN__hidden_layer_sizes': (25,), 'km__n_clusters': 10}",0.0,0.0,0.0,0.0,0.0,0.0,0.0,50,0.0,0.0,0.0,0.0,0.0,0.0,0.0
39,1.1150443077087402,0.047452710008312665,0.004799318313598633,0.0007490806464100096,0.1,"(25,)",15,"{'NN__alpha': 0.1, 'NN__hidden_layer_sizes': (25,), 'km__n_clusters': 15}",0.0,0.0,0.0,0.0,0.0,0.0,0.0,50,0.002810369543006131,0.0,0.0,0.0,0.0,0.0005620739086012262,0.0011241478172024522
40,1.379759931564331,0.05102389118890798,0.005007600784301758,0.0006301392960441102,0.1,"(25,)",20,"{'NN__alpha': 0.1, 'NN__hidden_layer_sizes': (25,), 'km__n_clusters': 20}",0.0,0.0,0.0,0.0,0.011154694778131847,0.002226979880283643,0.004458905858438423,49,0.0,0.0,0.008407487509919558,0.0,0.013791067224197468,0.004439710946823406,0.005697792817487648
41,1.5589004039764405,0.07622307136929478,0.013596439361572265,0.003499796728494525,0.1,"(25,)",25,"{'NN__alpha': 0.1, 'NN__hidden_layer_sizes': (25,), 'km__n_clusters': 25}",0.0,0.0,0.0,0.0,0.0,0.0,0.0,50,0.0,0.0,0.0,0.0,0.0,0.0,0.0
42,1.8238174438476562,0.1056369930669863,0.006797170639038086,0.0018332976558454973,0.1,"(25,)",30,"{'NN__alpha': 0.1, 'NN__hidden_layer_sizes': (25,), 'km__n_clusters': 30}",0.0,0.0,0.0,0.0,0.03297698858488843,0.006583693373203102,0.013182009057126529,28,0.0,0.0,0.0,0.0,0.008304997815473976,0.0016609995630947952,0.0033219991261895904
43,2.089530849456787,0.10195785697243698,0.006597995758056641,0.0010187605407662125,0.1,"(25,)",35,"{'NN__alpha': 0.1, 'NN__hidden_layer_sizes': (25,), 'km__n_clusters': 35}",0.0,0.0,0.0,0.0,0.0,0.0,0.0,50,0.0,0.0,0.0,0.0,0.0,0.0,0.0
44,2.174502992630005,0.15813861305338803,0.010795354843139648,0.002482327596388323,0.1,"(25,)",40,"{'NN__alpha': 0.1, 'NN__hidden_layer_sizes': (25,), 'km__n_clusters': 40}",0.0,0.0,0.0,0.022346368715083706,0.0,0.00446134246751893,0.008932593527691242,32,0.0,0.0,0.0,0.022253129346314144,0.0,0.004450625869262829,0.008901251738525658
45,0.3622849941253662,0.03966989032120014,0.00559840202331543,0.0004914223141095642,0.1,"(25, 25)",2,"{'NN__alpha': 0.1, 'NN__hidden_layer_sizes': (25, 25), 'km__n_clusters': 2}",0.0,0.0,0.0,0.0,0.0,0.0,0.0,50,0.0,0.0,0.0,0.0,0.0,0.0,0.0
46,0.34488983154296876,0.03358725027876476,0.005798530578613281,0.0027858123705030617,0.1,"(25, 25)",3,"{'NN__alpha': 0.1, 'NN__hidden_layer_sizes': (25, 25), 'km__n_clusters': 3}",0.0,0.0,0.0,0.0,0.0,0.0,0.0,50,0.0,0.0,0.0,0.0,0.0,0.0,0.0
47,0.4500573635101318,0.038058843207100644,0.0037983417510986327,0.0003992868656449191,0.1,"(25, 25)",4,"{'NN__alpha': 0.1, 'NN__hidden_layer_sizes': (25, 25), 'km__n_clusters': 4}",0.032912912912912776,0.0,0.0,0.0,0.0,0.006600104985198125,0.013178288765172443,27,0.022284122562674202,0.0,0.0,0.0,0.0,0.004456824512534841,0.008913649025069682
48,0.48363699913024905,0.019686785665152876,0.004799699783325196,0.0017236184258542756,0.1,"(25, 25)",5,"{'NN__alpha': 0.1, 'NN__hidden_layer_sizes': (25, 25), 'km__n_clusters': 5}",0.0,0.0,0.0,0.0,0.011235955056179726,0.002243203094623282,0.004491388318698685,36,0.0,0.01120448179271699,0.0,0.0,0.01394114870983777,0.005029126100510952,0.006219895383669011
49,0.5602218627929687,0.0638264626926683,0.004599618911743164,0.0004864191380201687,0.1,"(25, 25)",6,"{'NN__alpha': 0.1, 'NN__hidden_layer_sizes': (25, 25), 'km__n_clusters': 6}",0.0,0.0,0.0,0.0,0.0,0.0,0.0,50,0.002812939521800295,0.005617977528089839,0.0,0.027271751904406432,0.0,0.007140533790859313,0.010278975027724369
50,0.627397871017456,0.04407044093769245,0.006599330902099609,0.0027974371993080955,0.1,"(25, 25)",7,"{'NN__alpha': 0.1, 'NN__hidden_layer_sizes': (25, 25), 'km__n_clusters': 7}",0.0,0.0,0.0,0.0,0.0,0.0,0.0,50,0.0,0.0,0.0,0.0,0.0,0.0,0.0
51,0.6859808921813965,0.04119518723130387,0.004400873184204101,0.0019580888906034362,0.1,"(25, 25)",8,"{'NN__alpha': 0.1, 'NN__hidden_layer_sizes': (25, 25), 'km__n_clusters': 8}",0.0,0.0,0.0,0.0,0.0,0.0,0.0,50,0.0,0.0,0.0,0.0,0.0,0.0,0.0
52,0.7737541675567627,0.040031943769691596,0.0051978111267089845,0.0019367592864591337,0.1,"(25, 25)",9,"{'NN__alpha': 0.1, 'NN__hidden_layer_sizes': (25, 25), 'km__n_clusters': 9}",0.0,0.0,0.0,0.0,0.0,0.0,0.0,50,0.0,0.0,0.0,0.0,0.0,0.0,0.0
53,0.8045417308807373,0.07590608196203849,0.00500020980834961,0.0014133706553890269,0.1,"(25, 25)",10,"{'NN__alpha': 0.1, 'NN__hidden_layer_sizes': (25, 25), 'km__n_clusters': 10}",0.0,0.0,0.0,0.0,0.0,0.0,0.0,50,0.0,0.0,0.0,0.0,0.0,0.0,0.0
54,1.1564326286315918,0.06665110837302184,0.006597900390625,0.0023343881152548414,0.1,"(25, 25)",15,"{'NN__alpha': 0.1, 'NN__hidden_layer_sizes': (25, 25), 'km__n_clusters': 15}",0.0,0.0,0.0,0.0,0.0,0.0,0.0,50,0.002810369543006131,0.0,0.0,0.0,0.0,0.0005620739086012262,0.0011241478172024522
55,1.4151496887207031,0.09546768869273527,0.006596851348876953,0.0010217696444945184,0.1,"(25, 25)",20,"{'NN__alpha': 0.1, 'NN__hidden_layer_sizes': (25, 25), 'km__n_clusters': 20}",0.0,0.0,0.0,0.0,0.0,0.0,0.0,50,0.0,0.0,0.0,0.0,0.0,0.0,0.0
56,1.6260802268981933,0.13072064417827672,0.010996627807617187,0.0034056460585393787,0.1,"(25, 25)",25,"{'NN__alpha': 0.1, 'NN__hidden_layer_sizes': (25, 25), 'km__n_clusters': 25}",0.0,0.0,0.0,0.0,0.0,0.0,0.0,50,0.0,0.0,0.0,0.0,0.0,0.0,0.0
57,1.9095904350280761,0.10777893744124896,0.009396028518676759,0.0016256195606218769,0.1,"(25, 25)",30,"{'NN__alpha': 0.1, 'NN__hidden_layer_sizes': (25, 25), 'km__n_clusters': 30}",0.0,0.0,0.0,0.0,0.0,0.0,0.0,50,0.0,0.0,0.0,0.0,0.0,0.0,0.0
58,2.151712656021118,0.10043120127023152,0.007997512817382812,0.0016732013336438558,0.1,"(25, 25)",35,"{'NN__alpha': 0.1, 'NN__hidden_layer_sizes': (25, 25), 'km__n_clusters': 35}",0.0,0.0,0.0,0.0,0.0,0.0,0.0,50,0.0,0.0,0.0,0.0,0.0,0.0,0.0
59,2.1307175159454346,0.22879369109263892,0.005400371551513672,0.0007981332688158422,0.1,"(25, 25)",40,"{'NN__alpha': 0.1, 'NN__hidden_layer_sizes': (25, 25), 'km__n_clusters': 40}",0.0,0.0,0.0,0.0,0.0,0.0,0.0,50,0.0,0.0,0.0,0.0,0.0,0.0,0.0
60,0.9590928554534912,0.14458717485966407,0.004398727416992187,0.0004899633619294056,0.1,"(100, 25, 100)",2,"{'NN__alpha': 0.1, 'NN__hidden_layer_sizes': (100, 25, 100), 'km__n_clusters': 2}",0.0,0.0,0.0,0.0,0.0,0.0,0.0,50,0.0,0.0,0.0,0.0,0.0,0.0,0.0
61,0.8219371795654297,0.04180775217625453,0.0041979789733886715,0.0004004795898134269,0.1,"(100, 25, 100)",3,"{'NN__alpha': 0.1, 'NN__hidden_layer_sizes': (100, 25, 100), 'km__n_clusters': 3}",0.011173184357541853,0.0,0.0,0.0,0.0,0.002240585328131729,0.0044737289063353,40,0.013986013986014055,0.0,0.0,0.0,0.0,0.002797202797202811,0.005594405594405622
62,0.9295026302337647,0.04133192830257181,0.0039981365203857425,0.0006330141166788743,0.1,"(100, 25, 100)",4,"{'NN__alpha': 0.1, 'NN__hidden_layer_sizes': (100, 25, 100), 'km__n_clusters': 4}",0.0,0.0,0.0,0.0,0.0,0.0,0.0,50,0.0,0.0,0.0,0.0,0.0,0.0,0.0
63,1.013474464416504,0.04684437869171919,0.004998779296875,1.6000711188852803e-06,0.1,"(100, 25, 100)",5,"{'NN__alpha': 0.1, 'NN__hidden_layer_sizes': (100, 25, 100), 'km__n_clusters': 5}",0.0,0.0,0.0,0.0,0.0,0.0,0.0,50,0.0,0.0,0.0,0.0,0.0,0.0,0.0
64,1.064060115814209,0.0736553895493395,0.004998159408569336,0.000632939594297371,0.1,"(100, 25, 100)",6,"{'NN__alpha': 0.1, 'NN__hidden_layer_sizes': (100, 25, 100), 'km__n_clusters': 6}",0.0,0.0,0.0,0.0,0.0,0.0,0.0,50,0.0,0.0,0.0,0.0,0.0,0.0,0.0
65,1.1044435024261474,0.06358094699749375,0.00539851188659668,0.0004885238691031145,0.1,"(100, 25, 100)",7,"{'NN__alpha': 0.1, 'NN__hidden_layer_sizes': (100, 25, 100), 'km__n_clusters': 7}",0.0,0.0,0.0,0.0,0.0,0.0,0.0,50,0.0,0.0,0.0,0.0,0.0,0.0,0.0
66,1.2220099449157715,0.06635883386181,0.006197690963745117,0.0020390358771711094,0.1,"(100, 25, 100)",8,"{'NN__alpha': 0.1, 'NN__hidden_layer_sizes': (100, 25, 100), 'km__n_clusters': 8}",0.0,0.0,0.0,0.0,0.0,0.0,0.0,50,0.0,0.0,0.0,0.0,0.0,0.0,0.0
67,1.3071818351745605,0.14376995966657594,0.005797338485717773,0.0016002908251126359,0.1,"(100, 25, 100)",9,"{'NN__alpha': 0.1, 'NN__hidden_layer_sizes': (100, 25, 100), 'km__n_clusters': 9}",0.0,0.0,0.0,0.0,0.0,0.0,0.0,50,0.0,0.0,0.0,0.0,0.0,0.0,0.0
68,1.2593971252441407,0.10639685707444722,0.008597135543823242,0.0027272324697451104,0.1,"(100, 25, 100)",10,"{'NN__alpha': 0.1, 'NN__hidden_layer_sizes': (100, 25, 100), 'km__n_clusters': 10}",0.0,0.0,0.0,0.0,0.0,0.0,0.0,50,0.0,0.0,0.0,0.0,0.0,0.0,0.0
69,1.6676678657531738,0.1071498650635775,0.00539708137512207,0.000799241254181342,0.1,"(100, 25, 100)",15,"{'NN__alpha': 0.1, 'NN__hidden_layer_sizes': (100, 25, 100), 'km__n_clusters': 15}",0.0,0.0,0.0,0.0,0.0,0.0,0.0,50,0.0,0.0,0.0,0.0,0.0,0.0,0.0
70,2.045146656036377,0.218983783659439,0.005997371673583984,0.0006324983725132439,0.1,"(100, 25, 100)",20,"{'NN__alpha': 0.1, 'NN__hidden_layer_sizes': (100, 25, 100), 'km__n_clusters': 20}",0.0,0.0,0.0,0.0,0.0,0.0,0.0,50,0.0,0.0,0.0,0.0,0.0,0.0,0.0
71,2.2534812450408936,0.13713893036862462,0.007997465133666993,0.0006343030727213521,0.1,"(100, 25, 100)",25,"{'NN__alpha': 0.1, 'NN__hidden_layer_sizes': (100, 25, 100), 'km__n_clusters': 25}",0.0,0.0,0.0,0.0,0.0,0.0,0.0,50,0.0,0.0,0.0,0.0,0.0,0.0,0.0
72,2.347049856185913,0.10196153553834636,0.0075989246368408205,0.0010189219632906678,0.1,"(100, 25, 100)",30,"{'NN__alpha': 0.1, 'NN__hidden_layer_sizes': (100, 25, 100), 'km__n_clusters': 30}",0.0,0.0,0.0,0.0,0.0,0.0,0.0,50,0.0,0.0,0.0,0.0,0.0,0.0,0.0
73,2.6785415172576905,0.030835546256384565,0.006999015808105469,0.0010956707319333852,0.1,"(100, 25, 100)",35,"{'NN__alpha': 0.1, 'NN__hidden_layer_sizes': (100, 25, 100), 'km__n_clusters': 35}",0.0,0.0,0.0,0.0,0.0,0.0,0.0,50,0.0,0.0,0.0,0.0,0.0,0.0,0.0
74,2.639155721664429,0.18111831203514062,0.006598472595214844,0.0016258424306870953,0.1,"(100, 25, 100)",40,"{'NN__alpha': 0.1, 'NN__hidden_layer_sizes': (100, 25, 100), 'km__n_clusters': 40}",0.0,0.0,0.0,0.0,0.0,0.0,0.0,50,0.0,0.0,0.0,0.0,0.0,0.0,0.0
75,0.5632221221923828,0.04359285382058587,0.003998661041259765,0.0012665594586295638,0.01,"(50, 50)",2,"{'NN__alpha': 0.01, 'NN__hidden_layer_sizes': (50, 50), 'km__n_clusters': 2}",0.0,0.0,0.0,0.0,0.0,0.0,0.0,50,0.0,0.0,0.0,0.0,0.0,0.0,0.0
76,0.6050065517425537,0.014029701232771946,0.0037990093231201174,0.00040045196197676015,0.01,"(50, 50)",3,"{'NN__alpha': 0.01, 'NN__hidden_layer_sizes': (50, 50), 'km__n_clusters': 3}",0.0,0.0,0.0,0.0,0.0,0.0,0.0,50,0.0,0.0,0.0,0.0,0.0,0.0,0.0
77,0.7215722084045411,0.02991065967259186,0.0037966251373291017,0.00040033790458263006,0.01,"(50, 50)",4,"{'NN__alpha': 0.01, 'NN__hidden_layer_sizes': (50, 50), 'km__n_clusters': 4}",0.0,0.0,0.0,0.0,0.0,0.0,0.0,50,0.0,0.0028129395218002566,0.0,0.0,0.0,0.0005625879043600513,0.0011251758087201026
78,0.7311660766601562,0.03612379828408796,0.004599237442016601,0.0017440732930162355,0.01,"(50, 50)",5,"{'NN__alpha': 0.01, 'NN__hidden_layer_sizes': (50, 50), 'km__n_clusters': 5}",0.0,0.0,0.0,0.0,0.0,0.0,0.0,50,0.0,0.0,0.0,0.0,0.0,0.0,0.0
79,0.8459281921386719,0.09250521446777082,0.0035976886749267576,0.0004897467778064176,0.01,"(50, 50)",6,"{'NN__alpha': 0.01, 'NN__hidden_layer_sizes': (50, 50), 'km__n_clusters': 6}",0.0,0.0,0.0,0.0,0.0,0.0,0.0,50,0.0,0.0,0.0,0.0,0.0,0.0,0.0
80,0.8831180572509766,0.07446280394181083,0.003997516632080078,0.0006324852511747566,0.01,"(50, 50)",7,"{'NN__alpha': 0.01, 'NN__hidden_layer_sizes': (50, 50), 'km__n_clusters': 7}",0.0,0.0,0.0,0.0,0.0,0.0,0.0,50,0.0,0.0,0.0,0.0,0.0,0.0,0.0
81,0.912307596206665,0.059707088599620844,0.005398273468017578,0.0008012065627069017,0.01,"(50, 50)",8,"{'NN__alpha': 0.01, 'NN__hidden_layer_sizes': (50, 50), 'km__n_clusters': 8}",0.0,0.0,0.0,0.0,0.0,0.0,0.0,50,0.0,0.0,0.0,0.0,0.0,0.0,0.0
82,1.0218724727630615,0.06709971080340935,0.003798818588256836,0.0011659096649515636,0.01,"(50, 50)",9,"{'NN__alpha': 0.01, 'NN__hidden_layer_sizes': (50, 50), 'km__n_clusters': 9}",0.0,0.0,0.0,0.0,0.0,0.0,0.0,50,0.0,0.0,0.0,0.0,0.0,0.0,0.0
83,1.1258400440216065,0.10284985695666107,0.004197025299072265,0.00039844783998428386,0.01,"(50, 50)",10,"{'NN__alpha': 0.01, 'NN__hidden_layer_sizes': (50, 50), 'km__n_clusters': 10}",0.0,0.0,0.0,0.0,0.0,0.0,0.0,50,0.0,0.0,0.0,0.0,0.0,0.0,0.0
84,1.3429720878601075,0.07049470425146859,0.005398178100585937,0.0010192162037038874,0.01,"(50, 50)",15,"{'NN__alpha': 0.01, 'NN__hidden_layer_sizes': (50, 50), 'km__n_clusters': 15}",0.0,0.0,0.043799133643510374,0.0,0.022185652465411012,0.01319296933569571,0.017551482569674173,13,0.01116381778032229,0.0,0.002797603735939969,0.01939318665720353,0.011148240747941806,0.00890056978428152,0.0068809252599700095
85,1.645472240447998,0.038654926229740975,0.00499873161315918,1.8307069607212515e-06,0.01,"(50, 50)",20,"{'NN__alpha': 0.01, 'NN__hidden_layer_sizes': (50, 50), 'km__n_clusters': 20}",0.0,0.0,0.0,0.0,0.0,0.0,0.0,50,0.0,0.0,0.0,0.0,0.0,0.0,0.0
86,1.9305835723876954,0.09261024803530629,0.006797218322753906,0.0013255268233728274,0.01,"(50, 50)",25,"{'NN__alpha': 0.01, 'NN__hidden_layer_sizes': (50, 50), 'km__n_clusters': 25}",0.0,0.0,0.0,0.0,0.0,0.0,0.0,50,0.0,0.0,0.0,0.0,0.0,0.0,0.0
87,2.159307289123535,0.07124954261271071,0.0075969696044921875,0.0017419625643284326,0.01,"(50, 50)",30,"{'NN__alpha': 0.01, 'NN__hidden_layer_sizes': (50, 50), 'km__n_clusters': 30}",0.0,0.0,0.0,0.0,0.0,0.0,0.0,50,0.0,0.0,0.0,0.0,0.0,0.0,0.0
88,2.472809314727783,0.06876062500543458,0.006198263168334961,0.0007497220216844041,0.01,"(50, 50)",35,"{'NN__alpha': 0.01, 'NN__hidden_layer_sizes': (50, 50), 'km__n_clusters': 35}",0.0,0.0,0.0,0.0,0.0,0.0,0.0,50,0.0,0.0,0.0,0.0,0.0,0.0,0.0
89,2.6527509689331055,0.20098700501045455,0.005598020553588867,0.000489944028699736,0.01,"(50, 50)",40,"{'NN__alpha': 0.01, 'NN__hidden_layer_sizes': (50, 50), 'km__n_clusters': 40}",0.0,0.0,0.0,0.0,0.0,0.0,0.0,50,0.0,0.0,0.0,0.0,0.0,0.0,0.0
90,0.2987044334411621,0.02495952477560247,0.002399587631225586,0.0004892800869833545,0.01,"(50,)",2,"{'NN__alpha': 0.01, 'NN__hidden_layer_sizes': (50,), 'km__n_clusters': 2}",0.011173184357541853,0.0,0.0,0.0,0.0,0.002240585328131729,0.0044737289063353,40,0.013986013986014055,0.0,0.0,0.0,0.0,0.002797202797202811,0.005594405594405622
91,0.32149596214294435,0.014381488673976818,0.002597665786743164,0.0008014983951433812,0.01,"(50,)",3,"{'NN__alpha': 0.01, 'NN__hidden_layer_sizes': (50,), 'km__n_clusters': 3}",0.0,0.011173184357541907,0.0,0.0,0.0,0.002235628280945608,0.004470017128309013,45,0.0,0.0167597765363127,0.0,0.0,0.0,0.00335195530726254,0.00670391061452508
92,0.4018728256225586,0.017210107613672247,0.0027977466583251954,0.00039871341690159693,0.01,"(50,)",4,"{'NN__alpha': 0.01, 'NN__hidden_layer_sizes': (50,), 'km__n_clusters': 4}",0.0,0.0,0.0,0.0,0.0,0.0,0.0,50,0.0,0.0,0.0,0.0,0.0,0.0,0.0
93,0.4514556884765625,0.017551538149348168,0.002399110794067383,0.0004894731361808656,0.01,"(50,)",5,"{'NN__alpha': 0.01, 'NN__hidden_layer_sizes': (50,), 'km__n_clusters': 5}",0.0,0.0,0.0,0.0,0.0,0.0,0.0,50,0.0,0.0,0.0,0.0,0.0,0.0,0.0
94,0.5532230377197266,0.05923934076434543,0.0025990486145019533,0.0004881765907224534,0.01,"(50,)",6,"{'NN__alpha': 0.01, 'NN__hidden_layer_sizes': (50,), 'km__n_clusters': 6}",0.03200062288317035,0.0,0.43411131059245944,0.0,0.011154694778131847,0.0955049224802802,0.16975350316168314,2,0.0430364967818693,0.01936787959563111,0.39203356959437463,0.02734451714911497,0.011148240747941806,0.09858614077378636,0.14710094808038615
95,0.6315984725952148,0.0410350698711211,0.003200340270996094,0.0004012376974830312,0.01,"(50,)",7,"{'NN__alpha': 0.01, 'NN__hidden_layer_sizes': (50,), 'km__n_clusters': 7}",0.0,0.0,0.0,0.0,0.0,0.0,0.0,50,0.002810369543006131,0.00281037189216706,0.0,0.011178640920678093,0.0,0.003359876471170257,0.0041064468940041204
96,0.6675865173339843,0.0439020950624052,0.003399372100830078,0.001018991802764865,0.01,"(50,)",8,"{'NN__alpha': 0.01, 'NN__hidden_layer_sizes': (50,), 'km__n_clusters': 8}",0.0,0.0,0.0540669003624265,0.0,0.03297698858488843,0.017401870863644253,0.02234257362387557,9,0.013922711103744666,0.0,0.03228251880439463,0.0,0.021896539850875977,0.013620353951803055,0.01255301679608087
97,0.8031436443328858,0.04557696077999686,0.0037973880767822265,0.0003996444052216958,0.01,"(50,)",9,"{'NN__alpha': 0.01, 'NN__hidden_layer_sizes': (50,), 'km__n_clusters': 9}",0.0,0.0,0.0,0.0,0.0,0.0,0.0,50,0.0,0.0,0.0,0.0,0.0,0.0,0.0
98,0.8127403259277344,0.0324532137365522,0.003599119186401367,0.0007999917680206926,0.01,"(50,)",10,"{'NN__alpha': 0.01, 'NN__hidden_layer_sizes': (50,), 'km__n_clusters': 10}",0.0,0.0,0.0,0.0,0.0,0.0,0.0,50,0.0,0.0,0.0,0.0028089887640449208,0.0,0.0005617977528089842,0.0011235955056179683
99,1.1466335773468017,0.09918642424619689,0.005197286605834961,0.00132507316030318,0.01,"(50,)",15,"{'NN__alpha': 0.01, 'NN__hidden_layer_sizes': (50,), 'km__n_clusters': 15}",0.0,0.0,0.0,0.0,0.0,0.0,0.0,50,0.0,0.0,0.0,0.0,0.0,0.0,0.0
100,1.4639337062835693,0.04151620059227988,0.006998682022094726,0.001412326354359196,0.01,"(50,)",20,"{'NN__alpha': 0.01, 'NN__hidden_layer_sizes': (50,), 'km__n_clusters': 20}",0.0,0.0,0.0,0.0,0.0,0.0,0.0,50,0.0,0.0,0.0,0.0,0.0,0.0,0.0
101,1.6472714424133301,0.12543846772110478,0.006798648834228515,0.0021361418667368557,0.01,"(50,)",25,"{'NN__alpha': 0.01, 'NN__hidden_layer_sizes': (50,), 'km__n_clusters': 25}",0.0,0.0,0.0,0.0,0.0,0.0,0.0,50,0.0,0.0,0.0,0.0,0.0,0.0,0.0
102,2.0941301345825196,0.1447905288413819,0.005801534652709961,0.0017202636051378785,0.01,"(50,)",30,"{'NN__alpha': 0.01, 'NN__hidden_layer_sizes': (50,), 'km__n_clusters': 30}",0.0,0.0,0.0,0.0,0.0,0.0,0.0,50,0.0,0.0,0.0,0.0,0.0,0.0,0.0
103,2.3300538539886473,0.10919568244810901,0.007199144363403321,0.0019393847693853633,0.01,"(50,)",35,"{'NN__alpha': 0.01, 'NN__hidden_layer_sizes': (50,), 'km__n_clusters': 35}",0.0,0.0,0.0,0.0,0.0,0.0,0.0,50,0.0,0.0,0.0,0.0,0.0,0.0,0.0
104,2.5633798599243165,0.22809020516870665,0.008795976638793945,0.005114163340240862,0.01,"(50,)",40,"{'NN__alpha': 0.01, 'NN__hidden_layer_sizes': (50,), 'km__n_clusters': 40}",0.0,0.0,0.0,0.0,0.0,0.0,0.0,50,0.0,0.0,0.0,0.0,0.0,0.0,0.0
105,0.2911057949066162,0.019745058598509724,0.0030010700225830077,0.0006316638203390463,0.01,"(25,)",2,"{'NN__alpha': 0.01, 'NN__hidden_layer_sizes': (25,), 'km__n_clusters': 2}",0.0,0.0,0.0,0.0,0.0,0.0,0.0,50,0.0,0.0,0.0,0.0,0.0,0.0,0.0
106,0.2663129329681396,0.01491801344240074,0.002399587631225586,0.0004902523644975111,0.01,"(25,)",3,"{'NN__alpha': 0.01, 'NN__hidden_layer_sizes': (25,), 'km__n_clusters': 3}",0.0,0.0,0.0,0.0,0.0,0.0,0.0,50,0.0,0.0,0.0,0.0,0.0,0.0,0.0
107,0.3376909732818604,0.025848796841981037,0.0028004169464111326,0.0007494628537255728,0.01,"(25,)",4,"{'NN__alpha': 0.01, 'NN__hidden_layer_sizes': (25,), 'km__n_clusters': 4}",0.0,0.0,0.0,0.0,0.0,0.0,0.0,50,0.0,0.005617977528089839,0.0,0.0028013106955989977,0.0,0.0016838576447377675,0.0022464251726105034
108,0.4208638668060303,0.037571472422821404,0.002800464630126953,0.00039792099421844164,0.01,"(25,)",5,"{'NN__alpha': 0.01, 'NN__hidden_layer_sizes': (25,), 'km__n_clusters': 5}",0.0,0.0,0.0,0.0,0.0,0.0,0.0,50,0.0,0.0,0.0,0.0,0.0,0.0,0.0
109,0.5344295978546143,0.04785493631504769,0.0031972408294677736,0.0004008803594917326,0.01,"(25,)",6,"{'NN__alpha': 0.01, 'NN__hidden_layer_sizes': (25,), 'km__n_clusters': 6}",0.0,0.0,0.0,0.04311774461028175,0.0,0.008608245374723508,0.01723560956794156,21,0.002810369543006131,0.0,0.0,0.029825975862368133,0.0,0.006527269081074853,0.011700092348584639
110,0.5986073017120361,0.02163797217117768,0.003199148178100586,0.0004020733613668818,0.01,"(25,)",7,"{'NN__alpha': 0.01, 'NN__hidden_layer_sizes': (25,), 'km__n_clusters': 7}",0.0,0.0,0.0,0.0,0.0,0.0,0.0,50,0.0,0.0,0.0,0.0,0.0,0.0,0.0
111,0.6439944267272949,0.06994221674503295,0.003399181365966797,0.0007965327361816814,0.01,"(25,)",8,"{'NN__alpha': 0.01, 'NN__hidden_layer_sizes': (25,), 'km__n_clusters': 8}",0.0,0.0,0.053876971048528774,0.0,0.0,0.010780174775016183,0.02155437301504574,17,0.002812939521800295,0.0,0.016417204268773373,0.0,0.0,0.0038460287581147334,0.006379303076586171
112,0.7495602607727051,0.036827982804179475,0.0030005931854248046,0.0006319793903896799,0.01,"(25,)",9,"{'NN__alpha': 0.01, 'NN__hidden_layer_sizes': (25,), 'km__n_clusters': 9}",0.0,0.0,0.0,0.0,0.0,0.0,0.0,50,0.0,0.0,0.0,0.0,0.0,0.0,0.0
113,0.7851482391357422,0.019918822050574,0.003395700454711914,0.000489770227413286,0.01,"(25,)",10,"{'NN__alpha': 0.01, 'NN__hidden_layer_sizes': (25,), 'km__n_clusters': 10}",0.0,0.0,0.0,0.0,0.0,0.0,0.0,50,0.0,0.0,0.0,0.0,0.0,0.0,0.0
114,1.116044807434082,0.0660573586574784,0.004194211959838867,0.0007461195730948054,0.01,"(25,)",15,"{'NN__alpha': 0.01, 'NN__hidden_layer_sizes': (25,), 'km__n_clusters': 15}",0.0,0.0,0.0,0.0,0.0,0.0,0.0,50,0.002810369543006131,0.0,0.0,0.0,0.0,0.0005620739086012262,0.0011241478172024522
115,1.3731608390808105,0.0763083909891938,0.004999399185180664,0.0016722060407749959,0.01,"(25,)",20,"{'NN__alpha': 0.01, 'NN__hidden_layer_sizes': (25,), 'km__n_clusters': 20}",0.0,0.0,0.0,0.0,0.0,0.0,0.0,50,0.0,0.0,0.008407487509919558,0.0,0.0,0.0016814975019839116,0.003362995003967823
116,1.6308784008026123,0.10657022915971329,0.007999229431152343,0.0026044018104409788,0.01,"(25,)",25,"{'NN__alpha': 0.01, 'NN__hidden_layer_sizes': (25,), 'km__n_clusters': 25}",0.0,0.0,0.0,0.0,0.0,0.0,0.0,50,0.0,0.0,0.0,0.0,0.0,0.0,0.0
117,1.7968245029449463,0.10710555744271984,0.006799507141113281,0.0015998881546444032,0.01,"(25,)",30,"{'NN__alpha': 0.01, 'NN__hidden_layer_sizes': (25,), 'km__n_clusters': 30}",0.0,0.0,0.0,0.0,0.03297698858488843,0.006583693373203102,0.013182009057126529,28,0.0,0.0,0.0,0.0,0.008304997815473976,0.0016609995630947952,0.0033219991261895904
118,2.156111478805542,0.1033357402241339,0.007595634460449219,0.001355912922003465,0.01,"(25,)",35,"{'NN__alpha': 0.01, 'NN__hidden_layer_sizes': (25,), 'km__n_clusters': 35}",0.0,0.0,0.0,0.0,0.0,0.0,0.0,50,0.0,0.0,0.0,0.0,0.0,0.0,0.0
119,2.1559117794036866,0.15229821937237972,0.007397079467773437,0.0017453777044910239,0.01,"(25,)",40,"{'NN__alpha': 0.01, 'NN__hidden_layer_sizes': (25,), 'km__n_clusters': 40}",0.0,0.0,0.0,0.022346368715083706,0.0,0.00446134246751893,0.008932593527691242,32,0.0,0.0,0.0,0.022253129346314144,0.0,0.004450625869262829,0.008901251738525658
120,0.3682806968688965,0.036705872185511856,0.005202245712280273,0.0019394002614310602,0.01,"(25, 25)",2,"{'NN__alpha': 0.01, 'NN__hidden_layer_sizes': (25, 25), 'km__n_clusters': 2}",0.0,0.0,0.0,0.0,0.0,0.0,0.0,50,0.0,0.0,0.0,0.0,0.0,0.0,0.0
121,0.3684842109680176,0.02435238287792717,0.004397964477539063,0.001199692360363656,0.01,"(25, 25)",3,"{'NN__alpha': 0.01, 'NN__hidden_layer_sizes': (25, 25), 'km__n_clusters': 3}",0.0,0.0,0.0,0.0,0.0,0.0,0.0,50,0.0,0.0,0.0,0.0,0.0,0.0,0.0
122,0.45305585861206055,0.018523699243570873,0.003397226333618164,0.0010201160999595822,0.01,"(25, 25)",4,"{'NN__alpha': 0.01, 'NN__hidden_layer_sizes': (25, 25), 'km__n_clusters': 4}",0.03303061962549211,0.0,0.0,0.0,0.0,0.00662370899322202,0.0132254183842394,24,0.022284122562674202,0.0,0.0,0.0,0.0,0.004456824512534841,0.008913649025069682
123,0.4808485507965088,0.038726599628713505,0.004996490478515625,0.002099581440551599,0.01,"(25, 25)",5,"{'NN__alpha': 0.01, 'NN__hidden_layer_sizes': (25, 25), 'km__n_clusters': 5}",0.0,0.0,0.0,0.0,0.011235955056179726,0.002243203094623282,0.004491388318698685,36,0.0,0.01120448179271699,0.0,0.0,0.01394114870983777,0.005029126100510952,0.006219895383669011
124,0.5642208099365235,0.06014978448913491,0.004799842834472656,0.001717704558843406,0.01,"(25, 25)",6,"{'NN__alpha': 0.01, 'NN__hidden_layer_sizes': (25, 25), 'km__n_clusters': 6}",0.0,0.0,0.0,0.0,0.0,0.0,0.0,50,0.002812939521800295,0.005617977528089839,0.0,0.027271751904406432,0.0,0.007140533790859313,0.010278975027724369
125,0.6387961387634278,0.02483688250852806,0.004201316833496093,0.00074701736852697,0.01,"(25, 25)",7,"{'NN__alpha': 0.01, 'NN__hidden_layer_sizes': (25, 25), 'km__n_clusters': 7}",0.0,0.0,0.0,0.0,0.0,0.0,0.0,50,0.0,0.0,0.0,0.0,0.0,0.0,0.0
126,0.6779823780059815,0.029446455800279506,0.007001256942749024,0.0038958912929882832,0.01,"(25, 25)",8,"{'NN__alpha': 0.01, 'NN__hidden_layer_sizes': (25, 25), 'km__n_clusters': 8}",0.0,0.0,0.0,0.0,0.0,0.0,0.0,50,0.0,0.0,0.0,0.0,0.0,0.0,0.0
127,0.7657543182373047,0.06412503771480815,0.005400228500366211,0.0024161350117739675,0.01,"(25, 25)",9,"{'NN__alpha': 0.01, 'NN__hidden_layer_sizes': (25, 25), 'km__n_clusters': 9}",0.0,0.0,0.0,0.0,0.0,0.0,0.0,50,0.0,0.0,0.0,0.0,0.0,0.0,0.0
128,0.7893476009368896,0.01558610160078216,0.0053985595703125,0.001624306717216345,0.01,"(25, 25)",10,"{'NN__alpha': 0.01, 'NN__hidden_layer_sizes': (25, 25), 'km__n_clusters': 10}",0.0,0.0,0.0,0.0,0.0,0.0,0.0,50,0.0,0.0,0.0,0.0,0.0,0.0,0.0
129,1.132639265060425,0.08777349593570875,0.005199575424194336,0.0009794979081141028,0.01,"(25, 25)",15,"{'NN__alpha': 0.01, 'NN__hidden_layer_sizes': (25, 25), 'km__n_clusters': 15}",0.0,0.0,0.0,0.0,0.0,0.0,0.0,50,0.002810369543006131,0.0,0.0,0.0,0.0,0.0005620739086012262,0.0011241478172024522
130,1.398551607131958,0.08178085565004951,0.007399320602416992,0.0016251367984491667,0.01,"(25, 25)",20,"{'NN__alpha': 0.01, 'NN__hidden_layer_sizes': (25, 25), 'km__n_clusters': 20}",0.0,0.0,0.0,0.0,0.0,0.0,0.0,50,0.0,0.0,0.0,0.0,0.0,0.0,0.0
131,1.6528742790222168,0.06822513464416011,0.009996509552001953,0.0026064133608326248,0.01,"(25, 25)",25,"{'NN__alpha': 0.01, 'NN__hidden_layer_sizes': (25, 25), 'km__n_clusters': 25}",0.0,0.0,0.0,0.0,0.0,0.0,0.0,50,0.0,0.0,0.0,0.0,0.0,0.0,0.0
132,1.8316187858581543,0.08804749475306496,0.008394575119018555,0.0024981324720787026,0.01,"(25, 25)",30,"{'NN__alpha': 0.01, 'NN__hidden_layer_sizes': (25, 25), 'km__n_clusters': 30}",0.0,0.0,0.0,0.0,0.0,0.0,0.0,50,0.0,0.0,0.0,0.0,0.0,0.0,0.0
133,2.123318815231323,0.10266860640319747,0.007998514175415038,0.0012650467376171459,0.01,"(25, 25)",35,"{'NN__alpha': 0.01, 'NN__hidden_layer_sizes': (25, 25), 'km__n_clusters': 35}",0.0,0.0,0.0,0.0,0.0,0.0,0.0,50,0.0,0.0,0.0,0.0,0.0,0.0,0.0
134,2.0539429664611815,0.17018685454486784,0.005196094512939453,0.00097859689239115,0.01,"(25, 25)",40,"{'NN__alpha': 0.01, 'NN__hidden_layer_sizes': (25, 25), 'km__n_clusters': 40}",0.0,0.0,0.0,0.0,0.0,0.0,0.0,50,0.0,0.0,0.0,0.0,0.0,0.0,0.0
135,0.9862823963165284,0.12068276646921004,0.004999017715454102,2.329192112316096e-06,0.01,"(100, 25, 100)",2,"{'NN__alpha': 0.01, 'NN__hidden_layer_sizes': (100, 25, 100), 'km__n_clusters': 2}",0.0,0.0,0.0,0.0,0.0,0.0,0.0,50,0.0,0.0,0.0,0.0,0.0,0.0,0.0
136,0.8477297782897949,0.053029792778099764,0.005198144912719726,0.0007493779959592554,0.01,"(100, 25, 100)",3,"{'NN__alpha': 0.01, 'NN__hidden_layer_sizes': (100, 25, 100), 'km__n_clusters': 3}",0.011173184357541853,0.0,0.0,0.0,0.0,0.002240585328131729,0.0044737289063353,40,0.013986013986014055,0.0,0.0,0.0,0.0,0.002797202797202811,0.005594405594405622
137,0.9171074867248535,0.028664269797026604,0.004799079895019531,0.0007495913099017438,0.01,"(100, 25, 100)",4,"{'NN__alpha': 0.01, 'NN__hidden_layer_sizes': (100, 25, 100), 'km__n_clusters': 4}",0.0,0.0,0.0,0.0,0.0,0.0,0.0,50,0.0,0.0,0.0,0.0,0.0,0.0,0.0
138,0.9942808628082276,0.06939853793159914,0.005598688125610351,0.002245774931606382,0.01,"(100, 25, 100)",5,"{'NN__alpha': 0.01, 'NN__hidden_layer_sizes': (100, 25, 100), 'km__n_clusters': 5}",0.0,0.0,0.0,0.0,0.0,0.0,0.0,50,0.0,0.0,0.0,0.0,0.0,0.0,0.0
139,1.1044460773468017,0.07301110369336906,0.005398607254028321,0.0004888324355355706,0.01,"(100, 25, 100)",6,"{'NN__alpha': 0.01, 'NN__hidden_layer_sizes': (100, 25, 100), 'km__n_clusters': 6}",0.0,0.0,0.0,0.0,0.0,0.0,0.0,50,0.0,0.0,0.0,0.0,0.0,0.0,0.0
140,1.1292383670806885,0.07029253158678542,0.005996894836425781,0.001093973193462121,0.01,"(100, 25, 100)",7,"{'NN__alpha': 0.01, 'NN__hidden_layer_sizes': (100, 25, 100), 'km__n_clusters': 7}",0.0,0.0,0.0,0.0,0.0,0.0,0.0,50,0.0,0.0,0.0,0.0,0.0,0.0,0.0
141,1.177423906326294,0.06453944591969529,0.005200052261352539,0.00040059658671305273,0.01,"(100, 25, 100)",8,"{'NN__alpha': 0.01, 'NN__hidden_layer_sizes': (100, 25, 100), 'km__n_clusters': 8}",0.0,0.0,0.0,0.0,0.0,0.0,0.0,50,0.0,0.0,0.0,0.0,0.0,0.0,0.0
142,1.338172721862793,0.120653096028801,0.00559844970703125,0.0031981948219315425,0.01,"(100, 25, 100)",9,"{'NN__alpha': 0.01, 'NN__hidden_layer_sizes': (100, 25, 100), 'km__n_clusters': 9}",0.0,0.0,0.0,0.0,0.0,0.0,0.0,50,0.0,0.0,0.0,0.0,0.0,0.0,0.0
143,1.3887567043304443,0.1422659684516115,0.0063969135284423825,0.0013574299320553865,0.01,"(100, 25, 100)",10,"{'NN__alpha': 0.01, 'NN__hidden_layer_sizes': (100, 25, 100), 'km__n_clusters': 10}",0.0,0.0,0.0,0.0,0.0,0.0,0.0,50,0.0,0.0,0.0,0.0,0.0,0.0,0.0
144,1.6092858791351319,0.040713075379761154,0.009996509552001953,0.0060311764134430524,0.01,"(100, 25, 100)",15,"{'NN__alpha': 0.01, 'NN__hidden_layer_sizes': (100, 25, 100), 'km__n_clusters': 15}",0.0,0.0,0.0,0.0,0.0,0.0,0.0,50,0.0,0.0,0.0,0.0,0.0,0.0,0.0
145,2.016154718399048,0.0472349237739485,0.005999231338500976,0.0012647465906315443,0.01,"(100, 25, 100)",20,"{'NN__alpha': 0.01, 'NN__hidden_layer_sizes': (100, 25, 100), 'km__n_clusters': 20}",0.0,0.0,0.0,0.0,0.0,0.0,0.0,50,0.0,0.0,0.0,0.0,0.0,0.0,0.0
146,2.2972641468048094,0.1471874005570488,0.008199167251586915,0.0037098212853956297,0.01,"(100, 25, 100)",25,"{'NN__alpha': 0.01, 'NN__hidden_layer_sizes': (100, 25, 100), 'km__n_clusters': 25}",0.0,0.0,0.0,0.0,0.0,0.0,0.0,50,0.0,0.0,0.0,0.0,0.0,0.0,0.0
147,2.3432499885559084,0.11305291222190766,0.00899806022644043,0.0016724304112653659,0.01,"(100, 25, 100)",30,"{'NN__alpha': 0.01, 'NN__hidden_layer_sizes': (100, 25, 100), 'km__n_clusters': 30}",0.0,0.0,0.0,0.0,0.0,0.0,0.0,50,0.0,0.0,0.0,0.0,0.0,0.0,0.0
148,2.7725125789642333,0.12512073911387225,0.007398843765258789,0.0004899827686433266,0.01,"(100, 25, 100)",35,"{'NN__alpha': 0.01, 'NN__hidden_layer_sizes': (100, 25, 100), 'km__n_clusters': 35}",0.0,0.0,0.0,0.0,0.0,0.0,0.0,50,0.0,0.0,0.0,0.0,0.0,0.0,0.0
149,2.6339541912078857,0.31725832265972415,0.00639810562133789,0.0008022702444820348,0.01,"(100, 25, 100)",40,"{'NN__alpha': 0.01, 'NN__hidden_layer_sizes': (100, 25, 100), 'km__n_clusters': 40}",0.0,0.0,0.0,0.0,0.0,0.0,0.0,50,0.0,0.0,0.0,0.0,0.0,0.0,0.0
150,0.5340290069580078,0.02507799563055776,0.003598737716674805,0.0004898257201891166,0.001,"(50, 50)",2,"{'NN__alpha': 0.001, 'NN__hidden_layer_sizes': (50, 50), 'km__n_clusters': 2}",0.0,0.0,0.0,0.0,0.0,0.0,0.0,50,0.0,0.0,0.0,0.0,0.0,0.0,0.0
151,0.580014991760254,0.01758423441130645,0.0037972450256347655,0.000747874648975606,0.001,"(50, 50)",3,"{'NN__alpha': 0.001, 'NN__hidden_layer_sizes': (50, 50), 'km__n_clusters': 3}",0.0,0.0,0.0,0.0,0.0,0.0,0.0,50,0.0,0.0,0.0,0.0,0.0,0.0,0.0
152,0.7153698921203613,0.06536207744831837,0.0037984848022460938,0.0007475002318039959,0.001,"(50, 50)",4,"{'NN__alpha': 0.001, 'NN__hidden_layer_sizes': (50, 50), 'km__n_clusters': 4}",0.0,0.0,0.0,0.0,0.0,0.0,0.0,50,0.0,0.0028129395218002566,0.0,0.0,0.0,0.0005625879043600513,0.0011251758087201026
153,0.7741560935974121,0.03822120965446697,0.004194974899291992,0.0009777233322958072,0.001,"(50, 50)",5,"{'NN__alpha': 0.001, 'NN__hidden_layer_sizes': (50, 50), 'km__n_clusters': 5}",0.0,0.0,0.0,0.0,0.0,0.0,0.0,50,0.0,0.0,0.0,0.0,0.0,0.0,0.0
154,0.773751974105835,0.07569560955836103,0.0037982940673828127,0.0007480228775837529,0.001,"(50, 50)",6,"{'NN__alpha': 0.001, 'NN__hidden_layer_sizes': (50, 50), 'km__n_clusters': 6}",0.0,0.0,0.0,0.0,0.0,0.0,0.0,50,0.0,0.0,0.0,0.0,0.0,0.0,0.0
155,0.8681217193603515,0.059144731278984876,0.0035984992980957033,0.0004893379586272848,0.001,"(50, 50)",7,"{'NN__alpha': 0.001, 'NN__hidden_layer_sizes': (50, 50), 'km__n_clusters': 7}",0.0,0.0,0.0,0.0,0.0,0.0,0.0,50,0.0,0.0,0.0,0.0,0.0,0.0,0.0
156,1.1040451526641846,0.11432401922892273,0.00399928092956543,0.0006324857724386008,0.001,"(50, 50)",8,"{'NN__alpha': 0.001, 'NN__hidden_layer_sizes': (50, 50), 'km__n_clusters': 8}",0.0,0.0,0.0,0.0,0.0,0.0,0.0,50,0.0,0.0,0.0,0.0,0.0,0.0,0.0
157,1.2805876731872559,0.16960647153560537,0.007598400115966797,0.0032607324235909957,0.001,"(50, 50)",9,"{'NN__alpha': 0.001, 'NN__hidden_layer_sizes': (50, 50), 'km__n_clusters': 9}",0.0,0.0,0.0,0.0,0.0,0.0,0.0,50,0.0,0.0,0.0,0.0,0.0,0.0,0.0
158,1.220409345626831,0.038141990355151485,0.0051996707916259766,0.0011646724894178412,0.001,"(50, 50)",10,"{'NN__alpha': 0.001, 'NN__hidden_layer_sizes': (50, 50), 'km__n_clusters': 10}",0.0,0.0,0.0,0.0,0.0,0.0,0.0,50,0.0,0.0,0.0,0.0,0.0,0.0,0.0
159,1.3835577487945556,0.1471481308436365,0.005596971511840821,0.0004890853576992312,0.001,"(50, 50)",15,"{'NN__alpha': 0.001, 'NN__hidden_layer_sizes': (50, 50), 'km__n_clusters': 15}",0.0,0.0,0.043799133643510374,0.0,0.022185652465411012,0.01319296933569571,0.017551482569674173,13,0.01116381778032229,0.0,0.002797603735939969,0.01939318665720353,0.011148240747941806,0.00890056978428152,0.0068809252599700095
160,1.6376775741577148,0.06318188171786447,0.0065955638885498045,0.0007989232113469092,0.001,"(50, 50)",20,"{'NN__alpha': 0.001, 'NN__hidden_layer_sizes': (50, 50), 'km__n_clusters': 20}",0.0,0.0,0.0,0.0,0.0,0.0,0.0,50,0.0,0.0,0.0,0.0,0.0,0.0,0.0
161,1.920184326171875,0.07579343931748957,0.0063975811004638675,0.0007997340696990476,0.001,"(50, 50)",25,"{'NN__alpha': 0.001, 'NN__hidden_layer_sizes': (50, 50), 'km__n_clusters': 25}",0.0,0.0,0.0,0.0,0.0,0.0,0.0,50,0.0,0.0,0.0,0.0,0.0,0.0,0.0
162,2.179103469848633,0.09060065437791323,0.007197523117065429,0.0020384391178474978,0.001,"(50, 50)",30,"{'NN__alpha': 0.001, 'NN__hidden_layer_sizes': (50, 50), 'km__n_clusters': 30}",0.0,0.0,0.0,0.0,0.0,0.0,0.0,50,0.0,0.0,0.0,0.0,0.0,0.0,0.0
163,2.469809627532959,0.08420595447550418,0.006399726867675782,0.0011994925921173726,0.001,"(50, 50)",35,"{'NN__alpha': 0.001, 'NN__hidden_layer_sizes': (50, 50), 'km__n_clusters': 35}",0.0,0.0,0.0,0.0,0.0,0.0,0.0,50,0.0,0.0,0.0,0.0,0.0,0.0,0.0
164,2.5759756565093994,0.20200573611977016,0.009596967697143554,0.00671090754147435,0.001,"(50, 50)",40,"{'NN__alpha': 0.001, 'NN__hidden_layer_sizes': (50, 50), 'km__n_clusters': 40}",0.0,0.0,0.0,0.0,0.0,0.0,0.0,50,0.0,0.0,0.0,0.0,0.0,0.0,0.0
165,0.32349386215209963,0.028658675515926366,0.0025994300842285155,0.0004902332049977187,0.001,"(50,)",2,"{'NN__alpha': 0.001, 'NN__hidden_layer_sizes': (50,), 'km__n_clusters': 2}",0.011173184357541853,0.4096685943830727,0.0,0.0,0.0,0.08421065456804556,0.16283170200289615,7,0.013986013986014055,0.3861206666898299,0.0,0.0,0.0,0.08002133613516879,0.15314549072560207
166,0.34828863143920896,0.015036354872204775,0.0031996726989746093,0.0004003765292982904,0.001,"(50,)",3,"{'NN__alpha': 0.001, 'NN__hidden_layer_sizes': (50,), 'km__n_clusters': 3}",0.0,0.011173184357541907,0.0,0.0,0.0,0.002235628280945608,0.004470017128309013,45,0.0,0.0167597765363127,0.0,0.0,0.0,0.00335195530726254,0.00670391061452508
167,0.3650839805603027,0.019294274417128467,0.002597665786743164,0.0004892858028911679,0.001,"(50,)",4,"{'NN__alpha': 0.001, 'NN__hidden_layer_sizes': (50,), 'km__n_clusters': 4}",0.0,0.0,0.0,0.0,0.0,0.0,0.0,50,0.0,0.0,0.0,0.0,0.0,0.0,0.0
168,0.44905853271484375,0.026055695762365678,0.0023975372314453125,0.0008010891647519108,0.001,"(50,)",5,"{'NN__alpha': 0.001, 'NN__hidden_layer_sizes': (50,), 'km__n_clusters': 5}",0.0,0.0,0.0,0.0,0.0,0.0,0.0,50,0.0,0.0,0.0,0.0,0.0,0.0,0.0
169,0.5530244827270507,0.0724298048777908,0.0033981800079345703,0.0004916390665630673,0.001,"(50,)",6,"{'NN__alpha': 0.001, 'NN__hidden_layer_sizes': (50,), 'km__n_clusters': 6}",0.03200062288317035,0.0,0.43411131059245944,0.0,0.011154694778131847,0.0955049224802802,0.16975350316168314,2,0.0430364967818693,0.01936787959563111,0.39203356959437463,0.02734451714911497,0.011148240747941806,0.09858614077378636,0.14710094808038615
170,0.5770175457000732,0.03941978024117996,0.0035978317260742187,0.0008011382602770077,0.001,"(50,)",7,"{'NN__alpha': 0.001, 'NN__hidden_layer_sizes': (50,), 'km__n_clusters': 7}",0.0,0.0,0.0,0.0,0.0,0.0,0.0,50,0.002810369543006131,0.00281037189216706,0.0,0.011178640920678093,0.0,0.003359876471170257,0.0041064468940041204
171,0.6561911106109619,0.03985878992285057,0.003998327255249024,0.0008964966880427967,0.001,"(50,)",8,"{'NN__alpha': 0.001, 'NN__hidden_layer_sizes': (50,), 'km__n_clusters': 8}",0.0,0.0,0.0540669003624265,0.0,0.03297698858488843,0.017401870863644253,0.02234257362387557,9,0.013922711103744666,0.0,0.03228251880439463,0.0,0.021896539850875977,0.013620353951803055,0.01255301679608087
172,0.7895488262176513,0.04447903340216915,0.0031994342803955077,0.00040122146741837614,0.001,"(50,)",9,"{'NN__alpha': 0.001, 'NN__hidden_layer_sizes': (50,), 'km__n_clusters': 9}",0.0,0.0,0.0,0.0,0.0,0.0,0.0,50,0.0,0.0,0.0,0.0,0.0,0.0,0.0
173,0.8349352359771729,0.03265419607957548,0.0033980846405029298,0.0004913273388597767,0.001,"(50,)",10,"{'NN__alpha': 0.001, 'NN__hidden_layer_sizes': (50,), 'km__n_clusters': 10}",0.0,0.0,0.0,0.0,0.0,0.0,0.0,50,0.0,0.0,0.0,0.0028089887640449208,0.0,0.0005617977528089842,0.0011235955056179683
174,1.1444345474243165,0.07027307539922842,0.006198453903198242,0.0015983563718467188,0.001,"(50,)",15,"{'NN__alpha': 0.001, 'NN__hidden_layer_sizes': (50,), 'km__n_clusters': 15}",0.0,0.0,0.0,0.0,0.0,0.0,0.0,50,0.0,0.0,0.0,0.0,0.0,0.0,0.0
175,1.4109510898590087,0.06351627419476756,0.00719761848449707,0.0017191453121902618,0.001,"(50,)",20,"{'NN__alpha': 0.001, 'NN__hidden_layer_sizes': (50,), 'km__n_clusters': 20}",0.0,0.0,0.0,0.0,0.0,0.0,0.0,50,0.0,0.0,0.0,0.0,0.0,0.0,0.0
176,1.650472593307495,0.07285890961732681,0.009598159790039062,0.002055675265903975,0.001,"(50,)",25,"{'NN__alpha': 0.001, 'NN__hidden_layer_sizes': (50,), 'km__n_clusters': 25}",0.0,0.0,0.0,0.0,0.0,0.0,0.0,50,0.0,0.0,0.0,0.0,0.0,0.0,0.0
177,2.1029247760772707,0.11216331258595587,0.006798553466796875,0.002134972857796414,0.001,"(50,)",30,"{'NN__alpha': 0.001, 'NN__hidden_layer_sizes': (50,), 'km__n_clusters': 30}",0.0,0.0,0.0,0.0,0.0,0.0,0.0,50,0.0,0.0,0.0,0.0,0.0,0.0,0.0
178,2.3646260261535645,0.09814762954143917,0.0071990966796875,0.0009781507014342058,0.001,"(50,)",35,"{'NN__alpha': 0.001, 'NN__hidden_layer_sizes': (50,), 'km__n_clusters': 35}",0.0,0.0,0.0,0.0,0.0,0.0,0.0,50,0.0,0.0,0.0,0.0,0.0,0.0,0.0
179,2.528192901611328,0.1940460503433283,0.007997560501098632,0.005687264506503631,0.001,"(50,)",40,"{'NN__alpha': 0.001, 'NN__hidden_layer_sizes': (50,), 'km__n_clusters': 40}",0.0,0.0,0.0,0.0,0.0,0.0,0.0,50,0.0,0.0,0.0,0.0,0.0,0.0,0.0
180,0.2737103462219238,0.030678210245006318,0.0030014514923095703,0.0006331676239570778,0.001,"(25,)",2,"{'NN__alpha': 0.001, 'NN__hidden_layer_sizes': (25,), 'km__n_clusters': 2}",0.0,0.0,0.0,0.0,0.0,0.0,0.0,50,0.0,0.0,0.0,0.0,0.0,0.0,0.0
181,0.29850282669067385,0.010889817856404239,0.003001117706298828,3.387222411189659e-06,0.001,"(25,)",3,"{'NN__alpha': 0.001, 'NN__hidden_layer_sizes': (25,), 'km__n_clusters': 3}",0.0,0.0,0.0,0.0,0.0,0.0,0.0,50,0.0,0.0,0.0,0.0,0.0,0.0,0.0
182,0.35986948013305664,0.02788620684074131,0.002398967742919922,0.000799299074054532,0.001,"(25,)",4,"{'NN__alpha': 0.001, 'NN__hidden_layer_sizes': (25,), 'km__n_clusters': 4}",0.0,0.0,0.0,0.0,0.0,0.0,0.0,50,0.0,0.005617977528089839,0.0,0.002803865383678043,0.0,0.0016843685823535765,0.002246679549460112
183,0.40666975975036623,0.05496395036816901,0.0030004501342773436,0.0010973255899717133,0.001,"(25,)",5,"{'NN__alpha': 0.001, 'NN__hidden_layer_sizes': (25,), 'km__n_clusters': 5}",0.0,0.0,0.0,0.0,0.0,0.0,0.0,50,0.0,0.0,0.0,0.0,0.0,0.0,0.0
184,0.5298328399658203,0.06840135608522384,0.002798652648925781,0.00039987885350820747,0.001,"(25,)",6,"{'NN__alpha': 0.001, 'NN__hidden_layer_sizes': (25,), 'km__n_clusters': 6}",0.0,0.0,0.0,0.04296759723779714,0.0,0.008578269191219482,0.01717559062415896,22,0.002810369543006131,0.0,0.0,0.032436242233144515,0.0,0.007049322355230129,0.012740041278078719
185,0.5856142520904541,0.04185760779086813,0.003198385238647461,0.0007470552531665403,0.001,"(25,)",7,"{'NN__alpha': 0.001, 'NN__hidden_layer_sizes': (25,), 'km__n_clusters': 7}",0.0,0.0,0.0,0.0,0.0,0.0,0.0,50,0.0,0.0,0.0,0.0,0.0,0.0,0.0
186,0.6311975955963135,0.032342321256493924,0.0034015655517578127,0.0008011823182387528,0.001,"(25,)",8,"{'NN__alpha': 0.001, 'NN__hidden_layer_sizes': (25,), 'km__n_clusters': 8}",0.0,0.0,0.053876971048528774,0.0,0.0,0.010780174775016183,0.02155437301504574,17,0.002812939521800295,0.0,0.016417204268773373,0.0,0.0,0.0038460287581147334,0.006379303076586171
187,0.7495634078979492,0.05515341602220942,0.003400707244873047,0.0007982200989267841,0.001,"(25,)",9,"{'NN__alpha': 0.001, 'NN__hidden_layer_sizes': (25,), 'km__n_clusters': 9}",0.0,0.0,0.0,0.0,0.0,0.0,0.0,50,0.0,0.0,0.0,0.0,0.0,0.0,0.0
188,0.7717490196228027,0.03280295190879333,0.0029983043670654295,0.0006321851475750952,0.001,"(25,)",10,"{'NN__alpha': 0.001, 'NN__hidden_layer_sizes': (25,), 'km__n_clusters': 10}",0.0,0.0,0.0,0.0,0.0,0.0,0.0,50,0.0,0.0,0.0,0.0,0.0,0.0,0.0
189,1.1346385955810547,0.04545149779261909,0.006596803665161133,0.0034410306747644477,0.001,"(25,)",15,"{'NN__alpha': 0.001, 'NN__hidden_layer_sizes': (25,), 'km__n_clusters': 15}",0.0,0.0,0.0,0.0,0.0,0.0,0.0,50,0.002810369543006131,0.0,0.0,0.0,0.0,0.0005620739086012262,0.0011241478172024522
190,1.402352237701416,0.06885350477548785,0.004998302459716797,0.0006339974315657432,0.001,"(25,)",20,"{'NN__alpha': 0.001, 'NN__hidden_layer_sizes': (25,), 'km__n_clusters': 20}",0.0,0.0,0.0,0.0,0.0,0.0,0.0,50,0.0,0.0,0.008407487509919558,0.0,0.0,0.0016814975019839116,0.003362995003967823
191,1.574096393585205,0.07509338790807142,0.008596706390380859,0.0013569873653853897,0.001,"(25,)",25,"{'NN__alpha': 0.001, 'NN__hidden_layer_sizes': (25,), 'km__n_clusters': 25}",0.0,0.0,0.0,0.0,0.0,0.0,0.0,50,0.0,0.0,0.0,0.0,0.0,0.0,0.0
192,1.8298153400421142,0.03542697269935472,0.005997276306152344,0.0006303771469108046,0.001,"(25,)",30,"{'NN__alpha': 0.001, 'NN__hidden_layer_sizes': (25,), 'km__n_clusters': 30}",0.0,0.0,0.0,0.0,0.03297698858488843,0.006583693373203102,0.013182009057126529,28,0.0,0.0,0.0,0.0,0.008304997815473976,0.0016609995630947952,0.0033219991261895904
193,2.106527853012085,0.1066192250300693,0.005796670913696289,0.0011659828569079403,0.001,"(25,)",35,"{'NN__alpha': 0.001, 'NN__hidden_layer_sizes': (25,), 'km__n_clusters': 35}",0.0,0.0,0.0,0.0,0.0,0.0,0.0,50,0.0,0.0,0.0,0.0,0.0,0.0,0.0
194,2.1335179805755615,0.19297698176413366,0.005595874786376953,0.0016274147871912221,0.001,"(25,)",40,"{'NN__alpha': 0.001, 'NN__hidden_layer_sizes': (25,), 'km__n_clusters': 40}",0.0,0.0,0.0,0.022346368715083706,0.0,0.00446134246751893,0.008932593527691242,32,0.0,0.0,0.0,0.022253129346314144,0.0,0.004450625869262829,0.008901251738525658
195,0.38147554397583006,0.022224310663024403,0.004599523544311523,0.0004900444687195512,0.001,"(25, 25)",2,"{'NN__alpha': 0.001, 'NN__hidden_layer_sizes': (25, 25), 'km__n_clusters': 2}",0.0,0.0,0.0,0.0,0.0,0.0,0.0,50,0.0,0.0,0.0,0.0,0.0,0.0,0.0
196,0.3644826889038086,0.020321665626821632,0.006197023391723633,0.0034287259120127874,0.001,"(25, 25)",3,"{'NN__alpha': 0.001, 'NN__hidden_layer_sizes': (25, 25), 'km__n_clusters': 3}",0.0,0.0,0.0,0.0,0.0,0.0,0.0,50,0.0,0.0,0.0,0.0,0.0,0.0,0.0
197,0.4358621120452881,0.035108761767376664,0.0057980060577392575,0.0011633505277172246,0.001,"(25, 25)",4,"{'NN__alpha': 0.001, 'NN__hidden_layer_sizes': (25, 25), 'km__n_clusters': 4}",0.03303061962549211,0.0,0.0,0.0,0.0,0.00662370899322202,0.0132254183842394,24,0.022284122562674202,0.0,0.0,0.0,0.0,0.004456824512534841,0.008913649025069682
198,0.4756484508514404,0.049999912815716405,0.005198240280151367,0.002038099549235112,0.001,"(25, 25)",5,"{'NN__alpha': 0.001, 'NN__hidden_layer_sizes': (25, 25), 'km__n_clusters': 5}",0.0,0.0,0.0,0.0,0.011235955056179726,0.002243203094623282,0.004491388318698685,36,0.0,0.01120448179271699,0.0,0.0,0.01394114870983777,0.005029126100510952,0.006219895383669011
199,0.5748171329498291,0.04052856218953618,0.004000949859619141,0.0008960164859803519,0.001,"(25, 25)",6,"{'NN__alpha': 0.001, 'NN__hidden_layer_sizes': (25, 25), 'km__n_clusters': 6}",0.0,0.0,0.0,0.0,0.0,0.0,0.0,50,0.002812939521800295,0.005617977528089839,0.0,0.029958076633173424,0.0,0.007677798736612712,0.01133329333088014
200,0.6313973903656006,0.0330340606853101,0.004999113082885742,0.0017870988577925882,0.001,"(25, 25)",7,"{'NN__alpha': 0.001, 'NN__hidden_layer_sizes': (25, 25), 'km__n_clusters': 7}",0.0,0.0,0.0,0.0,0.0,0.0,0.0,50,0.0,0.0,0.0,0.0,0.0,0.0,0.0
201,0.6685886859893799,0.04731937833383515,0.0073969364166259766,0.0037730068563927217,0.001,"(25, 25)",8,"{'NN__alpha': 0.001, 'NN__hidden_layer_sizes': (25, 25), 'km__n_clusters': 8}",0.0,0.0,0.0,0.0,0.0,0.0,0.0,50,0.0,0.0,0.0,0.0,0.0,0.0,0.0
202,0.7883504867553711,0.04135659645277315,0.004196882247924805,0.0009809829365729703,0.001,"(25, 25)",9,"{'NN__alpha': 0.001, 'NN__hidden_layer_sizes': (25, 25), 'km__n_clusters': 9}",0.0,0.0,0.0,0.0,0.0,0.0,0.0,50,0.0,0.0,0.0,0.0,0.0,0.0,0.0
203,0.7889468669891357,0.023090056424315074,0.005199956893920899,0.0011672755995915634,0.001,"(25, 25)",10,"{'NN__alpha': 0.001, 'NN__hidden_layer_sizes': (25, 25), 'km__n_clusters': 10}",0.0,0.0,0.0,0.0,0.0,0.0,0.0,50,0.0,0.0,0.0,0.0,0.0,0.0,0.0
204,1.1066471576690673,0.019991693668872466,0.00659942626953125,0.002573268930173898,0.001,"(25, 25)",15,"{'NN__alpha': 0.001, 'NN__hidden_layer_sizes': (25, 25), 'km__n_clusters': 15}",0.0,0.0,0.0,0.0,0.0,0.0,0.0,50,0.002810369543006131,0.0,0.0,0.0,0.0,0.0005620739086012262,0.0011241478172024522
205,1.4189465045928955,0.04266573985916833,0.00699920654296875,0.0010946266616670038,0.001,"(25, 25)",20,"{'NN__alpha': 0.001, 'NN__hidden_layer_sizes': (25, 25), 'km__n_clusters': 20}",0.0,0.0,0.0,0.0,0.0,0.0,0.0,50,0.0,0.0,0.0,0.0,0.0,0.0,0.0
206,1.6248796939849854,0.07352275927202609,0.008799076080322266,0.001165567468846249,0.001,"(25, 25)",25,"{'NN__alpha': 0.001, 'NN__hidden_layer_sizes': (25, 25), 'km__n_clusters': 25}",0.0,0.0,0.0,0.0,0.0,0.0,0.0,50,0.0,0.0,0.0,0.0,0.0,0.0,0.0
207,1.8118181228637695,0.07261208095411097,0.006599903106689453,0.0004897878545016965,0.001,"(25, 25)",30,"{'NN__alpha': 0.001, 'NN__hidden_layer_sizes': (25, 25), 'km__n_clusters': 30}",0.0,0.0,0.0,0.0,0.0,0.0,0.0,50,0.0,0.0,0.0,0.0,0.0,0.0,0.0
208,2.141714334487915,0.08846356399531187,0.007797956466674805,0.001722941610238386,0.001,"(25, 25)",35,"{'NN__alpha': 0.001, 'NN__hidden_layer_sizes': (25, 25), 'km__n_clusters': 35}",0.0,0.0,0.0,0.0,0.0,0.0,0.0,50,0.0,0.0,0.0,0.0,0.0,0.0,0.0
209,2.1019227504730225,0.21711156414675573,0.004599428176879883,0.0007969651419871591,0.001,"(25, 25)",40,"{'NN__alpha': 0.001, 'NN__hidden_layer_sizes': (25, 25), 'km__n_clusters': 40}",0.0,0.0,0.0,0.0,0.0,0.0,0.0,50,0.0,0.0,0.0,0.0,0.0,0.0,0.0
210,0.9365002155303955,0.11738311863267241,0.0046005725860595705,0.0007998607887136267,0.001,"(100, 25, 100)",2,"{'NN__alpha': 0.001, 'NN__hidden_layer_sizes': (100, 25, 100), 'km__n_clusters': 2}",0.0,0.0,0.0,0.0,0.0,0.0,0.0,50,0.0,0.0,0.0,0.0,0.0,0.0,0.0
211,0.8143396377563477,0.028037211062904206,0.004199790954589844,0.00039957805562419984,0.001,"(100, 25, 100)",3,"{'NN__alpha': 0.001, 'NN__hidden_layer_sizes': (100, 25, 100), 'km__n_clusters': 3}",0.011173184357541853,0.0,0.0,0.0,0.0,0.002240585328131729,0.0044737289063353,40,0.013986013986014055,0.0,0.0,0.0,0.0,0.002797202797202811,0.005594405594405622
212,0.9315022945404052,0.03968304389444383,0.004998683929443359,0.0008943633423743501,0.001,"(100, 25, 100)",4,"{'NN__alpha': 0.001, 'NN__hidden_layer_sizes': (100, 25, 100), 'km__n_clusters': 4}",0.0,0.0,0.0,0.0,0.0,0.0,0.0,50,0.0,0.0,0.0,0.0,0.0,0.0,0.0
213,0.9720883846282959,0.02703939268938917,0.0047989368438720705,0.00039914119668869186,0.001,"(100, 25, 100)",5,"{'NN__alpha': 0.001, 'NN__hidden_layer_sizes': (100, 25, 100), 'km__n_clusters': 5}",0.0,0.0,0.0,0.0,0.0,0.0,0.0,50,0.0,0.0,0.0,0.0,0.0,0.0,0.0
214,1.0640591621398925,0.058037671199108416,0.0055977821350097655,0.002242109631437492,0.001,"(100, 25, 100)",6,"{'NN__alpha': 0.001, 'NN__hidden_layer_sizes': (100, 25, 100), 'km__n_clusters': 6}",0.0,0.0,0.0,0.0,0.0,0.0,0.0,50,0.0,0.0,0.0,0.0,0.0,0.0,0.0
215,1.1064465522766114,0.05936057413484369,0.005199289321899414,0.0009794538018728781,0.001,"(100, 25, 100)",7,"{'NN__alpha': 0.001, 'NN__hidden_layer_sizes': (100, 25, 100), 'km__n_clusters': 7}",0.0,0.0,0.0,0.0,0.0,0.0,0.0,50,0.0,0.0,0.0,0.0,0.0,0.0,0.0
216,1.1832192897796632,0.025238716616872037,0.005800104141235352,0.001166239082264891,0.001,"(100, 25, 100)",8,"{'NN__alpha': 0.001, 'NN__hidden_layer_sizes': (100, 25, 100), 'km__n_clusters': 8}",0.0,0.0,0.0,0.0,0.0,0.0,0.0,50,0.0,0.0,0.0,0.0,0.0,0.0,0.0
217,1.2935872077941895,0.044327594380111676,0.00539693832397461,0.0007983587807595228,0.001,"(100, 25, 100)",9,"{'NN__alpha': 0.001, 'NN__hidden_layer_sizes': (100, 25, 100), 'km__n_clusters': 9}",0.0,0.0,0.0,0.0,0.0,0.0,0.0,50,0.0,0.0,0.0,0.0,0.0,0.0,0.0
218,1.3071825504302979,0.15202474279718575,0.006396293640136719,0.0023310518535496205,0.001,"(100, 25, 100)",10,"{'NN__alpha': 0.001, 'NN__hidden_layer_sizes': (100, 25, 100), 'km__n_clusters': 10}",0.0,0.0,0.0,0.0,0.0,0.0,0.0,50,0.0,0.0,0.0,0.0,0.0,0.0,0.0
219,1.5794952392578125,0.10122467396610292,0.00520014762878418,0.0009793763140042014,0.001,"(100, 25, 100)",15,"{'NN__alpha': 0.001, 'NN__hidden_layer_sizes': (100, 25, 100), 'km__n_clusters': 15}",0.0,0.0,0.0,0.0,0.0,0.0,0.0,50,0.0,0.0,0.0,0.0,0.0,0.0,0.0
220,1.972769069671631,0.0819829575596776,0.005995893478393554,0.0006318900686412581,0.001,"(100, 25, 100)",20,"{'NN__alpha': 0.001, 'NN__hidden_layer_sizes': (100, 25, 100), 'km__n_clusters': 20}",0.0,0.0,0.0,0.0,0.0,0.0,0.0,50,0.0,0.0,0.0,0.0,0.0,0.0,0.0
221,2.1966965675354,0.16263470154542553,0.008197212219238281,0.0025610500043475753,0.001,"(100, 25, 100)",25,"{'NN__alpha': 0.001, 'NN__hidden_layer_sizes': (100, 25, 100), 'km__n_clusters': 25}",0.0,0.0,0.0,0.0,0.0,0.0,0.0,50,0.0,0.0,0.0,0.0,0.0,0.0,0.0
222,2.332053279876709,0.07043000056897014,0.007199144363403321,0.0024809398423622886,0.001,"(100, 25, 100)",30,"{'NN__alpha': 0.001, 'NN__hidden_layer_sizes': (100, 25, 100), 'km__n_clusters': 30}",0.0,0.0,0.0,0.0,0.0,0.0,0.0,50,0.0,0.0,0.0,0.0,0.0,0.0,0.0
223,2.7239248752593994,0.088872957621934,0.007997369766235352,0.0026059197227736633,0.001,"(100, 25, 100)",35,"{'NN__alpha': 0.001, 'NN__hidden_layer_sizes': (100, 25, 100), 'km__n_clusters': 35}",0.0,0.0,0.0,0.0,0.0,0.0,0.0,50,0.0,0.0,0.0,0.0,0.0,0.0,0.0
224,2.602166843414307,0.191813436948176,0.0063969135284423825,0.0010199178490178954,0.001,"(100, 25, 100)",40,"{'NN__alpha': 0.001, 'NN__hidden_layer_sizes': (100, 25, 100), 'km__n_clusters': 40}",0.0,0.0,0.0,0.0,0.0,0.0,0.0,50,0.0,0.0,0.0,0.0,0.0,0.0,0.0
225,0.5416248321533204,0.03172736809175517,0.003799152374267578,0.000399327317282891,0.0001,"(50, 50)",2,"{'NN__alpha': 0.0001, 'NN__hidden_layer_sizes': (50, 50), 'km__n_clusters': 2}",0.0,0.0,0.0,0.0,0.0,0.0,0.0,50,0.0,0.0,0.0,0.0,0.0,0.0,0.0
226,0.5668192386627198,0.018292016333183142,0.0030000686645507814,2.1078144173908562e-06,0.0001,"(50, 50)",3,"{'NN__alpha': 0.0001, 'NN__hidden_layer_sizes': (50, 50), 'km__n_clusters': 3}",0.0,0.0,0.0,0.0,0.0,0.0,0.0,50,0.0,0.0,0.0,0.0,0.0,0.0,0.0
227,0.6709845542907715,0.02171271013519032,0.004598808288574219,0.0011980814280472133,0.0001,"(50, 50)",4,"{'NN__alpha': 0.0001, 'NN__hidden_layer_sizes': (50, 50), 'km__n_clusters': 4}",0.0,0.0,0.0,0.0,0.0,0.0,0.0,50,0.0,0.0028129395218002566,0.0,0.0,0.0,0.0005625879043600513,0.0011251758087201026
228,0.7495611667633056,0.04154798549393057,0.0031989574432373046,0.0003994275802749671,0.0001,"(50, 50)",5,"{'NN__alpha': 0.0001, 'NN__hidden_layer_sizes': (50, 50), 'km__n_clusters': 5}",0.0,0.0,0.0,0.0,0.0,0.0,0.0,50,0.0,0.0,0.0,0.0,0.0,0.0,0.0
229,0.8325336456298829,0.06222218810769878,0.004798364639282226,0.0017199700142766473,0.0001,"(50, 50)",6,"{'NN__alpha': 0.0001, 'NN__hidden_layer_sizes': (50, 50), 'km__n_clusters': 6}",0.0,0.0,0.0,0.0,0.0,0.0,0.0,50,0.0,0.0,0.0,0.0,0.0,0.0,0.0
230,0.8199367046356201,0.03417338369936701,0.0037993431091308595,0.00040026225158756407,0.0001,"(50, 50)",7,"{'NN__alpha': 0.0001, 'NN__hidden_layer_sizes': (50, 50), 'km__n_clusters': 7}",0.0,0.0,0.0,0.0,0.0,0.0,0.0,50,0.0,0.0,0.0,0.0,0.0,0.0,0.0
231,0.9197072982788086,0.039235526118769216,0.0037970542907714844,0.00039970964024367637,0.0001,"(50, 50)",8,"{'NN__alpha': 0.0001, 'NN__hidden_layer_sizes': (50, 50), 'km__n_clusters': 8}",0.0,0.0,0.0,0.0,0.0,0.0,0.0,50,0.0,0.0,0.0,0.0,0.0,0.0,0.0
232,1.0504662990570068,0.08130896542654144,0.0041959285736083984,0.0014694513852507578,0.0001,"(50, 50)",9,"{'NN__alpha': 0.0001, 'NN__hidden_layer_sizes': (50, 50), 'km__n_clusters': 9}",0.0,0.0,0.0,0.0,0.0,0.0,0.0,50,0.0,0.0,0.0,0.0,0.0,0.0,0.0
233,1.0018817901611328,0.08013785204129369,0.00459756851196289,0.000801402418506839,0.0001,"(50, 50)",10,"{'NN__alpha': 0.0001, 'NN__hidden_layer_sizes': (50, 50), 'km__n_clusters': 10}",0.0,0.0,0.0,0.0,0.0,0.0,0.0,50,0.0,0.0,0.0,0.0,0.0,0.0,0.0
234,1.346168851852417,0.07030548894832012,0.00580291748046875,0.0007479096720027145,0.0001,"(50, 50)",15,"{'NN__alpha': 0.0001, 'NN__hidden_layer_sizes': (50, 50), 'km__n_clusters': 15}",0.0,0.0,0.043799133643510374,0.0,0.022185652465411012,0.01319296933569571,0.017551482569674173,13,0.01116381778032229,0.0,0.002797603735939969,0.01939318665720353,0.011148240747941806,0.00890056978428152,0.0068809252599700095
235,1.6986573696136475,0.10232375378766635,0.006796598434448242,0.0019394209868606545,0.0001,"(50, 50)",20,"{'NN__alpha': 0.0001, 'NN__hidden_layer_sizes': (50, 50), 'km__n_clusters': 20}",0.0,0.0,0.0,0.0,0.0,0.0,0.0,50,0.0,0.0,0.0,0.0,0.0,0.0,0.0
236,1.8949921131134033,0.1512418254843451,0.008397245407104492,0.0027266176459366655,0.0001,"(50, 50)",25,"{'NN__alpha': 0.0001, 'NN__hidden_layer_sizes': (50, 50), 'km__n_clusters': 25}",0.0,0.0,0.0,0.0,0.0,0.0,0.0,50,0.0,0.0,0.0,0.0,0.0,0.0,0.0
237,2.1605083465576174,0.09232956505987411,0.00699920654296875,0.0015475742175238818,0.0001,"(50, 50)",30,"{'NN__alpha': 0.0001, 'NN__hidden_layer_sizes': (50, 50), 'km__n_clusters': 30}",0.0,0.0,0.0,0.0,0.0,0.0,0.0,50,0.0,0.0,0.0,0.0,0.0,0.0,0.0
238,2.4604125022888184,0.11602739324815094,0.008198261260986328,0.0030600602381475024,0.0001,"(50, 50)",35,"{'NN__alpha': 0.0001, 'NN__hidden_layer_sizes': (50, 50), 'km__n_clusters': 35}",0.0,0.0,0.0,0.0,0.0,0.0,0.0,50,0.0,0.0,0.0,0.0,0.0,0.0,0.0
239,2.6169624805450438,0.07309303809858093,0.009395503997802734,0.0031995747967012147,0.0001,"(50, 50)",40,"{'NN__alpha': 0.0001, 'NN__hidden_layer_sizes': (50, 50), 'km__n_clusters': 40}",0.0,0.0,0.0,0.0,0.0,0.0,0.0,50,0.0,0.0,0.0,0.0,0.0,0.0,0.0
240,0.3246945858001709,0.016222738451865816,0.0028012752532958984,0.0007474650618311989,0.0001,"(50,)",2,"{'NN__alpha': 0.0001, 'NN__hidden_layer_sizes': (50,), 'km__n_clusters': 2}",0.011173184357541853,0.4096685943830727,0.0,0.0,0.0,0.08421065456804556,0.16283170200289615,7,0.013986013986014055,0.3861206666898299,0.0,0.0,0.0,0.08002133613516879,0.15314549072560207
241,0.33449349403381345,0.023053759356091517,0.0028023719787597656,0.0003997161250481763,0.0001,"(50,)",3,"{'NN__alpha': 0.0001, 'NN__hidden_layer_sizes': (50,), 'km__n_clusters': 3}",0.0,0.011173184357541907,0.0,0.0,0.0,0.002235628280945608,0.004470017128309013,45,0.0,0.0167597765363127,0.0,0.0,0.0,0.00335195530726254,0.00670391061452508
242,0.37328124046325684,0.01605221308594427,0.002599620819091797,0.0004895131768036267,0.0001,"(50,)",4,"{'NN__alpha': 0.0001, 'NN__hidden_layer_sizes': (50,), 'km__n_clusters': 4}",0.0,0.0,0.0,0.0,0.0,0.0,0.0,50,0.0,0.0,0.0,0.0,0.0,0.0,0.0
243,0.43986005783081056,0.03972605915699649,0.0027979373931884765,0.0003997606511978845,0.0001,"(50,)",5,"{'NN__alpha': 0.0001, 'NN__hidden_layer_sizes': (50,), 'km__n_clusters': 5}",0.0,0.0,0.0,0.0,0.0,0.0,0.0,50,0.0,0.0,0.0,0.0,0.0,0.0,0.0
244,0.5938109874725341,0.04684302852466201,0.002998208999633789,1.1243654367972943e-06,0.0001,"(50,)",6,"{'NN__alpha': 0.0001, 'NN__hidden_layer_sizes': (50,), 'km__n_clusters': 6}",0.03200062288317035,0.0,0.43411131059245944,0.0,0.011154694778131847,0.0955049224802802,0.16975350316168314,2,0.0430364967818693,0.01936787959563111,0.39203356959437463,0.02734451714911497,0.011148240747941806,0.09858614077378636,0.14710094808038615
245,0.6385943412780761,0.022249395080906228,0.003399658203125,0.0008013014476439715,0.0001,"(50,)",7,"{'NN__alpha': 0.0001, 'NN__hidden_layer_sizes': (50,), 'km__n_clusters': 7}",0.0,0.0,0.0,0.0,0.0,0.0,0.0,50,0.002810369543006131,0.00281037189216706,0.0,0.011178640920678093,0.0,0.003359876471170257,0.0041064468940041204
246,0.6545904636383056,0.030670311143917852,0.003200864791870117,0.00039920035690608303,0.0001,"(50,)",8,"{'NN__alpha': 0.0001, 'NN__hidden_layer_sizes': (50,), 'km__n_clusters': 8}",0.0,0.0,0.0540669003624265,0.0,0.03297698858488843,0.017401870863644253,0.02234257362387557,9,0.013922711103744666,0.0,0.03228251880439463,0.0,0.021896539850875977,0.013620353951803055,0.01255301679608087
247,0.7967455387115479,0.04304508461975854,0.002997732162475586,1.411309107489466e-06,0.0001,"(50,)",9,"{'NN__alpha': 0.0001, 'NN__hidden_layer_sizes': (50,), 'km__n_clusters': 9}",0.0,0.0,0.0,0.0,0.0,0.0,0.0,50,0.0,0.0,0.0,0.0,0.0,0.0,0.0
248,0.8529262065887451,0.024661172858892244,0.003000307083129883,0.0006320346106410621,0.0001,"(50,)",10,"{'NN__alpha': 0.0001, 'NN__hidden_layer_sizes': (50,), 'km__n_clusters': 10}",0.0,0.0,0.0,0.0,0.0,0.0,0.0,50,0.0,0.0,0.0,0.0028089887640449208,0.0,0.0005617977528089842,0.0011235955056179683
249,1.1674262523651122,0.07922161275390789,0.011396169662475586,0.005004257417575644,0.0001,"(50,)",15,"{'NN__alpha': 0.0001, 'NN__hidden_layer_sizes': (50,), 'km__n_clusters': 15}",0.0,0.0,0.0,0.0,0.0,0.0,0.0,50,0.0,0.0,0.0,0.0,0.0,0.0,0.0
250,1.4361416816711425,0.04985631912854794,0.014196062088012695,0.008884963444500507,0.0001,"(50,)",20,"{'NN__alpha': 0.0001, 'NN__hidden_layer_sizes': (50,), 'km__n_clusters': 20}",0.0,0.0,0.0,0.0,0.0,0.0,0.0,50,0.0,0.0,0.0,0.0,0.0,0.0,0.0
251,1.6796643257141113,0.08453756140265416,0.008995962142944337,0.0021909494825248944,0.0001,"(50,)",25,"{'NN__alpha': 0.0001, 'NN__hidden_layer_sizes': (50,), 'km__n_clusters': 25}",0.0,0.0,0.0,0.0,0.0,0.0,0.0,50,0.0,0.0,0.0,0.0,0.0,0.0,0.0
252,2.1053250789642335,0.11133914642740693,0.005000066757202148,0.0008927130694031883,0.0001,"(50,)",30,"{'NN__alpha': 0.0001, 'NN__hidden_layer_sizes': (50,), 'km__n_clusters': 30}",0.0,0.0,0.0,0.0,0.0,0.0,0.0,50,0.0,0.0,0.0,0.0,0.0,0.0,0.0
253,2.335252857208252,0.14029327943853429,0.006798171997070312,0.0004018212433085718,0.0001,"(50,)",35,"{'NN__alpha': 0.0001, 'NN__hidden_layer_sizes': (50,), 'km__n_clusters': 35}",0.0,0.0,0.0,0.0,0.0,0.0,0.0,50,0.0,0.0,0.0,0.0,0.0,0.0,0.0
254,2.4770068645477297,0.1353552811073229,0.011195802688598632,0.005193700421341728,0.0001,"(50,)",40,"{'NN__alpha': 0.0001, 'NN__hidden_layer_sizes': (50,), 'km__n_clusters': 40}",0.0,0.0,0.0,0.0,0.0,0.0,0.0,50,0.0,0.0,0.0,0.0,0.0,0.0,0.0
255,0.29410629272460936,0.040322230844613755,0.0031988143920898436,0.0007473252385865053,0.0001,"(25,)",2,"{'NN__alpha': 0.0001, 'NN__hidden_layer_sizes': (25,), 'km__n_clusters': 2}",0.0,0.0,0.0,0.0,0.0,0.0,0.0,50,0.0,0.0,0.0,0.0,0.0,0.0,0.0
256,0.302503776550293,0.024451943374780072,0.0027991294860839843,0.0007484831566231397,0.0001,"(25,)",3,"{'NN__alpha': 0.0001, 'NN__hidden_layer_sizes': (25,), 'km__n_clusters': 3}",0.0,0.0,0.0,0.0,0.0,0.0,0.0,50,0.0,0.0,0.0,0.0,0.0,0.0,0.0
257,0.33309369087219237,0.02435073224035576,0.002599191665649414,0.0004896484592237766,0.0001,"(25,)",4,"{'NN__alpha': 0.0001, 'NN__hidden_layer_sizes': (25,), 'km__n_clusters': 4}",0.0,0.0,0.0,0.0,0.0,0.0,0.0,50,0.0,0.005617977528089839,0.0,0.002803865383678043,0.0,0.0016843685823535765,0.002246679549460112
258,0.43126330375671384,0.02631725025745895,0.002800273895263672,0.00039927512911981124,0.0001,"(25,)",5,"{'NN__alpha': 0.0001, 'NN__hidden_layer_sizes': (25,), 'km__n_clusters': 5}",0.0,0.0,0.0,0.0,0.0,0.0,0.0,50,0.0,0.0,0.0,0.0,0.0,0.0,0.0
259,0.5662173271179199,0.038781958153721055,0.002801036834716797,0.0004007144005849957,0.0001,"(25,)",6,"{'NN__alpha': 0.0001, 'NN__hidden_layer_sizes': (25,), 'km__n_clusters': 6}",0.0,0.0,0.0,0.04296759723779714,0.0,0.008578269191219482,0.01717559062415896,22,0.002810369543006131,0.0,0.0,0.0324647840260191,0.0,0.007055030713805047,0.012751416289657072
260,0.5770147323608399,0.057557090552716676,0.003200721740722656,0.0007453508930757746,0.0001,"(25,)",7,"{'NN__alpha': 0.0001, 'NN__hidden_layer_sizes': (25,), 'km__n_clusters': 7}",0.0,0.0,0.0,0.0,0.0,0.0,0.0,50,0.0,0.0,0.0,0.0,0.0,0.0,0.0
261,0.6457930564880371,0.019372010737229974,0.003000640869140625,0.0006315131951382395,0.0001,"(25,)",8,"{'NN__alpha': 0.0001, 'NN__hidden_layer_sizes': (25,), 'km__n_clusters': 8}",0.0,0.0,0.053876971048528774,0.0,0.0,0.010780174775016183,0.02155437301504574,17,0.002812939521800295,0.0,0.016417204268773373,0.0,0.0,0.0038460287581147334,0.006379303076586171
262,0.7509593009948731,0.04485099021315609,0.0029994487762451173,0.000632492462552285,0.0001,"(25,)",9,"{'NN__alpha': 0.0001, 'NN__hidden_layer_sizes': (25,), 'km__n_clusters': 9}",0.0,0.0,0.0,0.0,0.0,0.0,0.0,50,0.0,0.0,0.0,0.0,0.0,0.0,0.0
263,0.7785502910614014,0.07060547945779354,0.003400754928588867,0.0004908995676802993,0.0001,"(25,)",10,"{'NN__alpha': 0.0001, 'NN__hidden_layer_sizes': (25,), 'km__n_clusters': 10}",0.0,0.0,0.0,0.0,0.0,0.0,0.0,50,0.0,0.0,0.0,0.0,0.0,0.0,0.0
264,1.1182453632354736,0.089651826747225,0.004997730255126953,0.0012644054013788537,0.0001,"(25,)",15,"{'NN__alpha': 0.0001, 'NN__hidden_layer_sizes': (25,), 'km__n_clusters': 15}",0.0,0.0,0.0,0.0,0.0,0.0,0.0,50,0.002810369543006131,0.0,0.0,0.0,0.0,0.0005620739086012262,0.0011241478172024522
265,1.3717620372772217,0.08223188970705739,0.004798793792724609,0.0007504077213796879,0.0001,"(25,)",20,"{'NN__alpha': 0.0001, 'NN__hidden_layer_sizes': (25,), 'km__n_clusters': 20}",0.0,0.0,0.0,0.0,0.0,0.0,0.0,50,0.0,0.0,0.008407487509919558,0.0,0.0,0.0016814975019839116,0.003362995003967823
266,1.5966875553131104,0.07883370897855511,0.008998632431030273,0.0038967236927404344,0.0001,"(25,)",25,"{'NN__alpha': 0.0001, 'NN__hidden_layer_sizes': (25,), 'km__n_clusters': 25}",0.0,0.0,0.0,0.0,0.0,0.0,0.0,50,0.0,0.0,0.0,0.0,0.0,0.0,0.0
267,1.8082188606262206,0.08309635165677749,0.006398677825927734,0.0016251953639223465,0.0001,"(25,)",30,"{'NN__alpha': 0.0001, 'NN__hidden_layer_sizes': (25,), 'km__n_clusters': 30}",0.0,0.0,0.0,0.0,0.03297698858488843,0.006583693373203102,0.013182009057126529,28,0.0,0.0,0.0,0.0,0.008304997815473976,0.0016609995630947952,0.0033219991261895904
268,2.1191205024719237,0.10239395442622738,0.006601381301879883,0.0020629745306947763,0.0001,"(25,)",35,"{'NN__alpha': 0.0001, 'NN__hidden_layer_sizes': (25,), 'km__n_clusters': 35}",0.0,0.0,0.0,0.0,0.0,0.0,0.0,50,0.0,0.0,0.0,0.0,0.0,0.0,0.0
269,2.0873299121856688,0.20876684481769017,0.007996416091918946,0.003846141402808496,0.0001,"(25,)",40,"{'NN__alpha': 0.0001, 'NN__hidden_layer_sizes': (25,), 'km__n_clusters': 40}",0.0,0.0,0.0,0.022346368715083706,0.0,0.00446134246751893,0.008932593527691242,32,0.0,0.0,0.0,0.022253129346314144,0.0,0.004450625869262829,0.008901251738525658
270,0.38107967376708984,0.03229420280341813,0.004598379135131836,0.0007991241365635079,0.0001,"(25, 25)",2,"{'NN__alpha': 0.0001, 'NN__hidden_layer_sizes': (25, 25), 'km__n_clusters': 2}",0.0,0.0,0.0,0.0,0.0,0.0,0.0,50,0.0,0.0,0.0,0.0,0.0,0.0,0.0
271,0.36928133964538573,0.029549799209617388,0.007998180389404298,0.00606361283973627,0.0001,"(25, 25)",3,"{'NN__alpha': 0.0001, 'NN__hidden_layer_sizes': (25, 25), 'km__n_clusters': 3}",0.0,0.0,0.0,0.0,0.0,0.0,0.0,50,0.0,0.0,0.0,0.0,0.0,0.0,0.0
272,0.44945569038391114,0.015926778173553015,0.0038006782531738283,0.0009795314484204339,0.0001,"(25, 25)",4,"{'NN__alpha': 0.0001, 'NN__hidden_layer_sizes': (25, 25), 'km__n_clusters': 4}",0.03303061962549211,0.0,0.0,0.0,0.0,0.00662370899322202,0.0132254183842394,24,0.022284122562674202,0.0,0.0,0.0,0.0,0.004456824512534841,0.008913649025069682
273,0.48224697113037107,0.017720687860972206,0.005196142196655274,0.002314415798233324,0.0001,"(25, 25)",5,"{'NN__alpha': 0.0001, 'NN__hidden_layer_sizes': (25, 25), 'km__n_clusters': 5}",0.0,0.0,0.0,0.0,0.011235955056179726,0.002243203094623282,0.004491388318698685,36,0.0,0.008415147265077066,0.0,0.0,0.01394114870983777,0.004471259194982967,0.0057482090584658925
274,0.5684175014495849,0.0544849208429774,0.004000234603881836,3.7070830775407433e-06,0.0001,"(25, 25)",6,"{'NN__alpha': 0.0001, 'NN__hidden_layer_sizes': (25, 25), 'km__n_clusters': 6}",0.0,0.0,0.0,0.0,0.0,0.0,0.0,50,0.002812939521800295,0.005617977528089839,0.0,0.029958076633173424,0.0,0.007677798736612712,0.01133329333088014
275,0.6279987335205078,0.01548032963313277,0.004000186920166016,0.0006326503373245841,0.0001,"(25, 25)",7,"{'NN__alpha': 0.0001, 'NN__hidden_layer_sizes': (25, 25), 'km__n_clusters': 7}",0.0,0.0,0.0,0.0,0.0,0.0,0.0,50,0.0,0.0,0.0,0.0,0.0,0.0,0.0
276,0.6953803539276123,0.04577380001712658,0.0057981014251708984,0.0037601690008965574,0.0001,"(25, 25)",8,"{'NN__alpha': 0.0001, 'NN__hidden_layer_sizes': (25, 25), 'km__n_clusters': 8}",0.0,0.0,0.0,0.0,0.0,0.0,0.0,50,0.0,0.0,0.0,0.0,0.0,0.0,0.0
277,0.7565595149993897,0.0649020397738424,0.004997396469116211,0.0012630518650603613,0.0001,"(25, 25)",9,"{'NN__alpha': 0.0001, 'NN__hidden_layer_sizes': (25, 25), 'km__n_clusters': 9}",0.0,0.0,0.0,0.0,0.0,0.0,0.0,50,0.0,0.0,0.0,0.0,0.0,0.0,0.0
278,0.8155407905578613,0.02475765451940956,0.005797863006591797,0.0015967813529038897,0.0001,"(25, 25)",10,"{'NN__alpha': 0.0001, 'NN__hidden_layer_sizes': (25, 25), 'km__n_clusters': 10}",0.0,0.0,0.0,0.0,0.0,0.0,0.0,50,0.0,0.0,0.0,0.0,0.0,0.0,0.0
279,1.1460365295410155,0.05780797235001807,0.006994485855102539,0.0014155276113746243,0.0001,"(25, 25)",15,"{'NN__alpha': 0.0001, 'NN__hidden_layer_sizes': (25, 25), 'km__n_clusters': 15}",0.0,0.0,0.0,0.0,0.0,0.0,0.0,50,0.002810369543006131,0.0,0.0,0.0,0.0,0.0005620739086012262,0.0011241478172024522
280,1.379361343383789,0.04639530794615916,0.009994745254516602,0.002896700371163399,0.0001,"(25, 25)",20,"{'NN__alpha': 0.0001, 'NN__hidden_layer_sizes': (25, 25), 'km__n_clusters': 20}",0.0,0.0,0.0,0.0,0.0,0.0,0.0,50,0.0,0.0,0.0,0.0,0.0,0.0,0.0
281,1.6642685413360596,0.095256202696377,0.008994817733764648,0.001674425898961864,0.0001,"(25, 25)",25,"{'NN__alpha': 0.0001, 'NN__hidden_layer_sizes': (25, 25), 'km__n_clusters': 25}",0.0,0.0,0.0,0.0,0.0,0.0,0.0,50,0.0,0.0,0.0,0.0,0.0,0.0,0.0
282,1.8384108066558837,0.06852514868535424,0.007399368286132813,0.00102131218876382,0.0001,"(25, 25)",30,"{'NN__alpha': 0.0001, 'NN__hidden_layer_sizes': (25, 25), 'km__n_clusters': 30}",0.0,0.0,0.0,0.0,0.0,0.0,0.0,50,0.0,0.0,0.0,0.0,0.0,0.0,0.0
283,2.1305198669433594,0.12764300012690613,0.0075970649719238285,0.002057379462271988,0.0001,"(25, 25)",35,"{'NN__alpha': 0.0001, 'NN__hidden_layer_sizes': (25, 25), 'km__n_clusters': 35}",0.0,0.0,0.0,0.0,0.0,0.0,0.0,50,0.0,0.0,0.0,0.0,0.0,0.0,0.0
284,2.1503095626831055,0.22508558736686268,0.004799413681030274,0.0007489786965783757,0.0001,"(25, 25)",40,"{'NN__alpha': 0.0001, 'NN__hidden_layer_sizes': (25, 25), 'km__n_clusters': 40}",0.0,0.0,0.0,0.0,0.0,0.0,0.0,50,0.0,0.0,0.0,0.0,0.0,0.0,0.0
285,0.9780856132507324,0.1033783406414572,0.004799318313598633,0.0011661746042105545,0.0001,"(100, 25, 100)",2,"{'NN__alpha': 0.0001, 'NN__hidden_layer_sizes': (100, 25, 100), 'km__n_clusters': 2}",0.0,0.0,0.0,0.0,0.0,0.0,0.0,50,0.0,0.0,0.0,0.0,0.0,0.0,0.0
286,0.8633253097534179,0.03790670592385335,0.005396699905395508,0.001496408312521839,0.0001,"(100, 25, 100)",3,"{'NN__alpha': 0.0001, 'NN__hidden_layer_sizes': (100, 25, 100), 'km__n_clusters': 3}",0.011173184357541853,0.0,0.0,0.0,0.0,0.002240585328131729,0.0044737289063353,40,0.013986013986014055,0.0,0.0,0.0,0.0,0.002797202797202811,0.005594405594405622
287,0.9448978900909424,0.0330784145641086,0.005198478698730469,0.0011629125007103472,0.0001,"(100, 25, 100)",4,"{'NN__alpha': 0.0001, 'NN__hidden_layer_sizes': (100, 25, 100), 'km__n_clusters': 4}",0.0,0.0,0.0,0.0,0.0,0.0,0.0,50,0.0,0.0,0.0,0.0,0.0,0.0,0.0
288,0.9722892761230468,0.05766479198975231,0.0049969196319580075,0.0006317312192434158,0.0001,"(100, 25, 100)",5,"{'NN__alpha': 0.0001, 'NN__hidden_layer_sizes': (100, 25, 100), 'km__n_clusters': 5}",0.0,0.0,0.0,0.0,0.0,0.0,0.0,50,0.0,0.0,0.0,0.0,0.0,0.0,0.0
289,1.0770558357238769,0.06385703855254,0.004796934127807617,0.0011642501539270236,0.0001,"(100, 25, 100)",6,"{'NN__alpha': 0.0001, 'NN__hidden_layer_sizes': (100, 25, 100), 'km__n_clusters': 6}",0.0,0.0,0.0,0.0,0.0,0.0,0.0,50,0.0,0.0,0.0,0.0,0.0,0.0,0.0
290,1.0994464874267578,0.0639907639384549,0.005597925186157227,0.0007987518380550763,0.0001,"(100, 25, 100)",7,"{'NN__alpha': 0.0001, 'NN__hidden_layer_sizes': (100, 25, 100), 'km__n_clusters': 7}",0.0,0.0,0.0,0.0,0.0,0.0,0.0,50,0.0,0.0,0.0,0.0,0.0,0.0,0.0
291,1.1736244201660155,0.06360261250509658,0.005997228622436524,0.0021907761446461503,0.0001,"(100, 25, 100)",8,"{'NN__alpha': 0.0001, 'NN__hidden_layer_sizes': (100, 25, 100), 'km__n_clusters': 8}",0.0,0.0,0.0,0.0,0.0,0.0,0.0,50,0.0,0.0,0.0,0.0,0.0,0.0,0.0
292,1.3035833358764648,0.07377525547056273,0.005596446990966797,0.002244759673563126,0.0001,"(100, 25, 100)",9,"{'NN__alpha': 0.0001, 'NN__hidden_layer_sizes': (100, 25, 100), 'km__n_clusters': 9}",0.0,0.0,0.0,0.0,0.0,0.0,0.0,50,0.0,0.0,0.0,0.0,0.0,0.0,0.0
293,1.3227789402008057,0.17427822984684666,0.005397605895996094,0.0004884925306945253,0.0001,"(100, 25, 100)",10,"{'NN__alpha': 0.0001, 'NN__hidden_layer_sizes': (100, 25, 100), 'km__n_clusters': 10}",0.0,0.0,0.0,0.0,0.0,0.0,0.0,50,0.0,0.0,0.0,0.0,0.0,0.0,0.0
294,1.6202801704406737,0.0714590729146347,0.005798149108886719,0.0009783637210482184,0.0001,"(100, 25, 100)",15,"{'NN__alpha': 0.0001, 'NN__hidden_layer_sizes': (100, 25, 100), 'km__n_clusters': 15}",0.0,0.0,0.0,0.0,0.0,0.0,0.0,50,0.0,0.0,0.0,0.0,0.0,0.0,0.0
295,1.9517762184143066,0.12828578610029776,0.005997419357299805,0.00126274765346391,0.0001,"(100, 25, 100)",20,"{'NN__alpha': 0.0001, 'NN__hidden_layer_sizes': (100, 25, 100), 'km__n_clusters': 20}",0.0,0.0,0.0,0.0,0.0,0.0,0.0,50,0.0,0.0,0.0,0.0,0.0,0.0,0.0
296,2.2496796607971192,0.2075266160268688,0.007797861099243164,0.0016004632701453329,0.0001,"(100, 25, 100)",25,"{'NN__alpha': 0.0001, 'NN__hidden_layer_sizes': (100, 25, 100), 'km__n_clusters': 25}",0.0,0.0,0.0,0.0,0.0,0.0,0.0,50,0.0,0.0,0.0,0.0,0.0,0.0,0.0
297,2.2872682094573973,0.08876801551110602,0.007600307464599609,0.0016255782609970423,0.0001,"(100, 25, 100)",30,"{'NN__alpha': 0.0001, 'NN__hidden_layer_sizes': (100, 25, 100), 'km__n_clusters': 30}",0.0,0.0,0.0,0.0,0.0,0.0,0.0,50,0.0,0.0,0.0,0.0,0.0,0.0,0.0
298,2.603168487548828,0.17099181122323642,0.006597375869750977,0.0004897661420349247,0.0001,"(100, 25, 100)",35,"{'NN__alpha': 0.0001, 'NN__hidden_layer_sizes': (100, 25, 100), 'km__n_clusters': 35}",0.0,0.0,0.0,0.0,0.0,0.0,0.0,50,0.0,0.0,0.0,0.0,0.0,0.0,0.0
299,2.073295831680298,0.4531506891494808,0.003290557861328125,0.00108215709669551,0.0001,"(100, 25, 100)",40,"{'NN__alpha': 0.0001, 'NN__hidden_layer_sizes': (100, 25, 100), 'km__n_clusters': 40}",0.0,0.0,0.0,0.0,0.0,0.0,0.0,50,0.0,0.0,0.0,0.0,0.0,0.0,0.0
